君の知らない物語,1,1,1,2,3,1,1,3,2,1,5,3,2,3,4,3,3,4,5,5,5,4,7,8,5,5,4,4,4,4,4,6,6,8,6,9,7,11,10,6,7,6,8,6,9,8,11,9,5,7,6,4,7,6,9,11,16,22,24,33,21,20,20,20,21,20,17,25,35,25,36,45,47,37,48,42,29,24,22,19,17,24,15,17,21,27,27,16,34,48,24,32,32,61,24,32,21,20,32,31,25,22,11,12,17,24,30,26,30,19,38,23,31,42,23,19,16,16,29,51,21,18,17,31,12,11,11,19,29,89,35
千本桜,2,2,2,1,2,2,2,2,1,2,3,4,4,5,6,4,6,10,15,12,8,10,15,5,4,6,5,9,7,9,8,10,18,18,24,14,14,28,33,16,20,23,28,32,33,35,32,39,15,32,48,42,48,47,60,47,63,67,65,79,67,95,65,59,65,75,99,88,81,44,89,100,91,72,96,78,94,90,99,73,70,73,79,61,77,91,88,95,87,95,62,53,73
からくりピエロ,3,3,3,4,6,3,4,4,5,5,6,7,5,4,5,8,8,6,14,14,12,8,12,16,12,14,9,11,13,16,13,13,20,20,18,16,15,14,15,12,6,9,16,16,19,19,15,17,11,13,17,18,11,17,14,13,11,17,15,18,13,15,15,12,12,9,22,19,20,14,19,25,34,30,32,33,25,21,15,16,23,15,17,22,34,32,21,33,18,16,21,22,18,15,21,12,12,10,12,14,22,19,17,15,12,16,13,16,15,11,14,11,16,13,19,14,20,12,13,13,8,10,9,8,11,10,14,8,7,12,11
冷やし中華+はじめました,4,5,10,15,29,39,47,71,88,42,32,60,93,96,90,94,99,91,69,32,60,53,34,34,60,99,17,51
Just+Be+Friends,5,9,15,19,21,21,14,19,13,13,20,26,24,26,36,33,35,38,49,41,65,60,59,48,51,49,46,48,73,66,63,64,92,57,45,66,87,78,65,63,77,71,87,39,62,50,50,72,83,81,84,78,78,61,66,86,88,91,81,46,74
丸の内サディスティック,6,6,8,10,9,6,10,7,8,6,7,8,7,6,7,7,9,8,12,13,7,6,8,14,14,12,10,10,9,7,6,7,8,10,10,11,10,9,9,7,9,8,10,10,7,7,9,10,6,5,5,5,5,8,7,5,10,14,9,11,8,8,11,8,6,8,6,9,7,8,12,10,7,7,8,10,6,6,7,8,7,6,9,7,6,6,7,6,6,6,5,8,10,6,4,6,5,6,7,6,8,5,6,6,3,4,6,8,7,5,5,9,7,6,4,5,5,4,3,5,4,6,3,3,4,5,4,2,3,2,4
カゲロウデイズ,7,14,20,22,32,26,23,13,21,23,24,27,34,43,49,50,64,41,68,59,66,71,87,82,83,71,39,35,43,64,67,94,62,87
天ノ弱,8,4,4,3,4,8,7,9,6,7,8,16,13,10,10,10,17,22,25,24,17,15,21,23,17,21,18,18,20,22,27,30,23,31,37,38,33,33,37,36,40,32,57,76,61,81,73,79,62,79,69,59,89,87,67,58,79,91,60,57,90,79,77,78,78,68,98,93,77,91,56,62,59,38,20,66,72,69,85,85,92,64,96,86,88,60,64,85,72,61,59,70,47
ハロ／ハワユ,9,7,13,9,12,14,13,11,9,8,13,15,10,13,16,19,14,14,24,22,20,13,13,17,13,13,13,15,14,14,14,9,11,19,22,18,12,15,18,13,12,15,11,11,12,15,12,15,12,8,8,12,10,11,12,6,12,16,18,23,19,16,16,14,16,13,19,17,14,12,13,15,18,26,22,19,24,26,25,13,15,23,18,16,24,19,18,18,14,14,13,19,27,23,17,20,28,17,17,16,21,25,16,25,21,21,22,27,34,23,30,28,28,33,29,29,34,46,25,49,64,39,41,23,18,22,38,74,26,30,71
ふわふわ時間,10,16,24,25,15,22,18,15,17,20,19,24,17,22,26,38,34,37,51,43,59,62,58,53,48,61,53,52,67,57,67,51,46,44,48,63,86,63,74,71,80,94,74,44,70,74,90,76,98,93,90,93,70,96,77,85,93,87,62,58,72,97,53,74,63,73,85,71,84,82
メルト／初音ミク,11,11,12,11,10,12,15,17,11,14,16,19,19,21,25,31,44,53,52,45,67,64,30,64,46,63,60,68,78,80,82,92,74,79,92,84,72,88,85,100,100,71,70,77,72,32,14,44,90,89,61,78,78,71,68,99,26,69,44,39,92,58,37,72,52,38,43,64,47,31,25,75,64,64,57,39,54,76,50,53,52,84,82,47,30,36,92,39,45,63,48,60,60,52,30,29,39,31,53,37,81,82
Staple+stable,12,30,35,43,51,46,57,58,65,77,79,82,52,74,78,86,86,92,94,67,82,74,69,71,59,80,70,64,84,67,90,88,88,73,75,70,80,91,93,89,70,80,91,83,39,43,61,61,63,92,77,88,76,76,76
弱虫モンブラン,13,8,9,7,8,9,8,12,10,10,10,11,11,7,14,15,13,23,27,26,23,19,19,28,18,24,20,23,21,23,28,34,35,32,32,40,60,59,70,67,51,67,74,100,97,97,81,93,84,69,80,99,85,93,91
ピエロ（ＫＥＩ）,14,12,17,13,18,23,19,24,16,11,14,14,8,8,12,13,18,24,29,17,16,12,14,13,7,10,14,16,17,13,11,15,17,15,14,19,18,22,19,25,27,28,34,35,36,43,39,45,32,29,44,22,60,54,57,51,72,55,68,63,60,64,49,71,80,80,100,72,68,81,90,75,77,100,99,97,88,89,96,94
チェリー,15,10,11,5,5,5,9,10,7,4,2,6,1,1,1,2,2,3,6,3,4,2,4,9,6,11,11,12,11,12,15,14,15,21,15,20,16,18,16,10,11,12,17,15,17,16,18,18,14,18,11,8,8,10,15,18,15,15,21,25,26,26,24,21,25,22,27,28,26,33,39,48,49,57,41,29,30,18,39,42,45,46,58,63,46,52,44,23,26,30,43,36,77,75,53,58,67,90,48,21,14,18,22,29,32,34,31,38,44,34,27,18,20,26,25,37,15,15,19,35,19,25,18,12,14,21,15,20,25,9,20
Calc,16,19,18,21,20,35,38,28,31,36,39,41,35,33,28,43,36,36,40,32,30,38,36,36,30,30,29,36,31,36,43,48,54,53,50,61,56,60,67,50,55,56,59,81,64,67,68,82,56,59,59,36,45,33,36,39,39,42,49,65,62,55,64,53,53,70,70,38,62,81,55,55,69,94,86,55,45,86,57,82,87,61,79,62,42,83,49,79,76,83,51,65,76,44,94,89,90,69,99,95,54,48,70
モザイクロール,17,15,16,14,14,17,22,20,18,24,38,40,46,39,48,64,67,78,80,82,86,87,95,67,87,90,84,20,34
心拍数♯0822,18,18,21,20,23,27,32,35,33,29,43,43,38,46,54,44,61,63,59,55,56,51,57,49,64,75,91,91,100,77,84,80,87,85,79,83,70,62,78,92,97,80,46
ponponpon,19,37,89,86,90
花束,20,29,28,18,16,15,21,29,26,17,9,10,14,14,15,20,19,16,16,18,11,7,10,11,10,7,8,7,8,8,16,18,16,30,36,33,23,21,32,35,34,25,35,36,37,49,38,26,35,61,83,83,85,98,65,85
青いベンチ,21,25,29,36,44,49,52,50,45,47,42,44,54,54,45,24,27,32,67,58,53,50,33,70,74,59,47,37,42,65,44,56,32,39,30,72,74,57,57,47,81,66,48,85,72
天使にふれたよ！,22,31,70,95,92,94,74,98,84,82,64,42,75,77,99,99
二息歩行,23,20,26,26,27,37,35,40,30,41,54,52,40,53,61,81,76,88,98,92,41,91,61,84,76,90,98
Good-bye+days,24,70,76,71,65,65,71,48,52,71,49,22,25,47,59,73,71,91,79,77,70,75,85,99,87,82,93,100,85,57
メランコリック,25,33,36,37,38,41,45,44,43,50,51,61,56,63,58,37,58,73,79,86,49,78,83,90,60,60,55,73,72,86,57,75,93,83,63,57,43,66,47,74,78,73,86
やさしさに包まれたなら,26,23,23,17,19,32,40,46,32,33,34,12,27,66,66,58,68,44,41,57,48,67,65,100,97,76,75,71,82,95,99,69,57,48,82,74,92,66,55,56,51,88,55,94,51,88,56,74,69,76,96,18,26,29,37,23,45,36,55,84,45,74,54,51,53,48,33,49,42,44,91,67,31,40,38,21,41,40,37,12,13,47
1925,27,24,30,31,40,59,73,60,59,68,58,79,76,81,83,87,90,79,94,99,75,88
ゆるふわ樹海ガール,28,22,27,24,25,29,31,31,42,38,48,46,47,48,55,62,54,51,69,68,88,89,74,72,73,66,65,70,85,68,77,69,69,90,87,91,86,89,62
Dont+Say+lazy,29,34,37,34,36,44,49,47,56,70,66,68,63,77,70,72,81,77,54,78,88,94,80,92,82,96,77,84,97,79
トレモロ,30,26,31,29,24,24,26,26,22,18,21,34,36,24,34,30,31,29,33,31,28,21,26,22,22,22,21,22,25,25,26,29,38,37,43,44,55,69,69,78,66,64,77,83,74,100,94,64,85,86,41,41,58,59,91,85,79,97
Cagayake!GIRL,31,47,67,81,81,67,65,72,86,96,85,88,83,100,91
栄光の架橋,32,27,14,35,22,25,24,25,25,12,25,25,18,15,17,34,37,48,38,42,36,28,32,34,36,28,30,85,99,91,74,74,71,95,91,93,47,80
ドレミファロンド,33,97
葛飾ラプソディ,34,17,33,38,50,47,54,41,38,30,28,67,60,40,46,59,59,45,43,28,39,59,48,56,38,32,19,25,24,30,38,43,37,42,39,48,39,37,43,40,46,46,54,52,52,38,40,49,61,66,51,46,44,37,22,24,8,18,23,34,24,35,28,25,19,25,39,38,43,46,50,58,63,38,23,25,34,42,40,49,78,22,29,75,67,20,23,35,43,43,47,27,16,18,22,23,37,21,18,22,24,26,19,18,25,18,23,32,56,30,33,37,37,20,24,25,37,27,23,70,30,16,35,16,25,97,16,10,33,64,45
U＆I,35,38,41,57,63,79,68,59,66,67,68,57,44,57,68,90,94,86,78,74,61,75
ずっと好きだった,36,44,50,54,57,75,77,78,75,86,88,84,53,72,57,77,65,84,82,23,54,43,39,86,52
車輪の唄,37,32,32,12,11,30,27,32,28,31,41,38,48,41,43,41,43,50,44,50,51,47,37,35,24,20,22,28,83,87,62,71,86,79,95,93,75,57,61,45,46,46,65,73,63,78,82,34,49,70,32,36,48,49,55,53,61,66,64,92,67,62,73,63,60,74,69,91,79,81,74,100,58,89,80,58,86,71,55,83,94,72,63,62,82,63,91,100
コネクト,38,57,56,46,47,56,64,69,84,27,36,80,85,95,56,9,26,23,33,62,45,55,69,75,90,83,81,81,97,36,82,97,59,90,78,66,67,96,88,98,98,94,82,47,29,100,50,81,73,78,63,89,2,6,33,71
恋愛サーキュレーション,39,43,52,79,88,84,81,85,96,92,94,65,88,86,69,61,77,96,63,90,92,95,93,76,75,90,73,88,83,87,97,62,75,87,59,70,73,95,45,83,69,88,70,35,28,68,34,34,51,48,88,85,65,61,79,44,39,61,81,85,18,62,78,65,26,25,77,80
from+Y+to+Y,40,55,63,52,54,68,82,65,61,76,74,90,92,91,89,83,91,90,89,89,95,90,92,58,70,81,59,63,58,51,49,68,77,56,66,84,73,94,98,30,69,84,90,70,76,71,58,81
ハッピーシンセサイザ,41,60,57,69,60,76
マトリョシカ,42,54,47,41,55,82,86,87,91,97
Just+Be+Friends+【2】,43,61,72,72,84,74,76,73,68,80,89,95,99,86,96
Dear,44,56,58,64,46,76,79,52,48,53,62,59,77,80,94,99,100
一番の宝物,45,46,42,45,45,48,56,55,50,59,71,70,65,58,56,66,66,66,91,91,77,54,76,68,63,45,41,55,44,46,53,80,73,69,47,39,63,84,84,83,76,96,99,87,99
小さな恋の歌,46,51,55,56,49,36,53,61,60,51,47,51,30,9,19,11,16,15,28,46,37,30,40,38,43,39,43,46,46,77,69,78,63,67,61,56,58,75,78,60,83,67,60,53,56,77,73,62,76,69,71,67,86,77,86,86,47,40,86,76,86,81,78
ローリンガール,47,42,66,60,56,78,60,62,90,94,94,71,97,63,11,89
ガーネット,48,36,38,32,28,38,12,14,12,15,22,31,39,36,50,42,39,20,22,30,34,29,44,40,41,53,69,77,81,62,57,75,86,91,69,73,76,4,14,39,91,65,54,98,47,67,45,56,70,62,45,34,91,8,16,27
東京テディベア,49,39,40,30,26,42,59,75,57,57,72,76,61,73,47,53,56,67,73,61,81,61,77,79,77,58,80,76,79,88,84,71,80,82,97,95,100
深海少女,50,41,49,39,39,53,70,56,54,58,67,78,62,78,76,93,73,83,78,69,74,81,82,72,96,96,88,88,69,96,66,100
私の恋はホッチキス,51,52,91,92,100
"Hello,Worker",52,62,68,70,71,85,92,90,92,93
my+song,53,40,48,51,52,51,33,34,41,48,52,66,58,60,71,54,52,55,84,76,64
ブレス,54
ダブルラリアット,55,74,85,99
風になる,56,49,51,42,48,50,43,51,58,66,61,55,51,52,64,57,49,34,4,10,19,24,31,47,39,44,52,62,61,52,42,50,68,75,52,44,44,39,50,59,87,71,68,81,65,65,94,41,82,79,76,94,84,88,92,39,85,96,59,37,46,101,98,85
天体観測,57,58,62,48,41,54,58,64,51,61,73,71,55,45,32,22,21,26,17,7,10,20,20,20,20,25,28,34,38,38,33,28,47,47,49,53,42,45,52,49,49,53,53,71,81,92,75,52,45,46,52,26,42,68,47,54,59,81,78,82,99,79,72,94,82,98,76,84,98,98,86,70,71,68,91,62,75,54,46,89,70,67,99,69
楓,58,48,43,23,17,19,17,21,15,9,11,20,16,12,13,6,5,7,11,9,6,3,5,10,8,9,7,13,10,10,9,11,10,14,21,25,30,32,38,33,36,36,42,41,34,40,42,63,60,71,58,35,41,77,80,62,54,62,83,96,97,93,97,87,13,27,55,71,85,77,97,68,47,93,77,70,68,63,99,69,93,75,87,93,36,51,83,70,73,93,96,80,64,76,28,44
パンダヒーロー,59,66,64,58,62,62,69,70,76,74,87,96,89,93
幻の命,60,77,82,62,58,18,11,23,29,35,35,36,26,29,31,23,11,13,19,27,35,27,29,31,26,17,23,19,19,28,39,45,60,41,57,51,37,74
God+knows…,61,45,61,50,42,55,50,45,73,69,69,74,75,69,79,70,41,56,58,75,80,55,93,93,92,83,83,93,92,89,68,49,92,95,77,63,88,70,88,49,60,84,78,98,93,100,83,58,59,76,42,61,34,55,81,37,37,81,69,26,31,69,64,52,36,65,98,32,53,85,58,53,30,25,46,49,50,37,47,77,55,47,50,48,67,48,42,42,40,34,32,24,36,74,70,58,78,76,77
カブトムシ,62,65,74,53,33,34,29,36,36,32,23,29,20,20,24,12,7,12,13,16,14,9,11,19,16,18,25,21,23,20,20,24,26,43,56,42,38,79,78,82,80,79,100,98,86,65,60,82,79,37,89,94,83,58,75,34,50,63,44,49,45,64,89,81,79,45,92,96,39,49,55,57,24,44,84,29,2,13,13,11,13,10,18,10,8,15,24,21,12,15,27,21,15,22,9,9,10,15,20,12,14,9,10,6,5,4,9,8,16
夏色,63,73,60,47,35,20,6,6,14,19,30,42,29,23,27,16,10,11,8,8,15,17,18,21,19,23,32,35,41,35,24,25,43,55,77,94,83,88,66,53,42,21,12,25,56,61,53,67,60,35,53,87,97,75,98,85,58,99
"No,Thank+you!",64,95
残酷な天使のテーゼ,65,64,75,61,70,52,84,82,79,26,12,13,28,56,65,60,38,28,61,53,60,52,54,76,79,41,67,89,54,19,63,76,96,74,86,90,87,75,74,80,36,42,42,74,66,55,16,26,74,41,90,58,79,61,87,90,64,95,100,98,93
星間飛行,66,72,83,74,59,81,90,86,94,83,45,92,90,94,93,75,64,59,26,69,63,50,84,69,30,35,55,65,65,57,84,75,74,61,63,72,99,62,44,43,61,63,36,49,60,46,47,75,82,52,59,85,62,40,51,54,25,47,16,20,23,61,60,69,66,83,47,73,55
Butter-Fly,67,53,44,44,37,40,39,38,40,43,44,39,37,32,38,40,29,18,39,37,44,45,47,55,52,46,44,50,52,50,55,27,50,49,44,60,54,68,56,54,32,60,64,62,77,72,36,21,37,70,68,2,18,43,42,69,70,68,84,62,58,66,48,54,63,79,79,71,62,92,89,85,84,64,73,73,83,85,63,64,97,99,81,76,54,59,48,76,63,40,26,26,19,23,23,31,32,29,33,24,29,41,33,51,48,49,42,52,45,76,76,52,30,22,43,44,32,26,20,29,39,36,21,63,43,48
はじめてのチュウ,68,71,65,66,82,83,85,80,72,88,83,54,70,84,85,85,63,72,94,92,98,96,59,64,88,93,70,75,34,16,23,41,52,47,79,99,64,67,97,100,79,61,51
おちゃめ機能,69,93
oath+sign,70,96
アンパンマンのマーチ,71,79,39,55,61,70,74,76,74,81,76,65,69,71,67,67,57,69,72,65,89,31,62,88,55,85,84
君をのせて,72,89,54,29,69,88,58,96,88,39,75,90,94,82,82,24,56
歩いて帰ろう,73,69,86,84,73,18,24,50,78,97,58,42,70,49,58
リンネ,74,82,100,81,95
キリトリセン,75,78,71,67,66,99,67,71,98,96,99,77,100
me+me+she,76,76,88,75,68,57,61,63,63,54,60,85,80,83,87,91,73,87,95,52,72,78,33
卒業（高橋優）,77
トリノコシティ,78,68,59,83,74,94,97,69,94,79,100,72,86
secret+base+〜君がくれたもの〜+(10+years+after+Ver),79,83,87,87,75,66,62,53,85,82,88,50
どんなときも。〜槇原+cover,80
only+my+railgun,81,85,84,94,91,83,87
愛迷エレジー,82,87,89,100
Stand+by+Me,83,94,96,93,85,72,88,84,80,65,70,72,59,55,53,51,74,71,46,52,42,56,49,45,50,43,40,59,49,53,54,47,34,23,26,21,21,24,40,43,21,59,90,91,96
星が瞬くこんな夜に,84,98,92
夜空ノムコウ,85,81,79,89,17,47,58,76,83,52,82,80,91,94,42,88,83,100,10,31,15,20,38,98,70,35,11,62,93,46,58,41
初めての恋が終わる時,86,91,67
変わらないもの,87,90,94,88,77,34,33,46,46,55,58,66,50,40,48,42,30,21,39,43,32,56,41,37,35,33,29,29,27,25,39,51,50,55,67,71,53,45,39,52,39,5,4,22,27,28,50,54,51,35,44,49,24,11,22,30,43,54,50,23,46,56,61,49,53,56,56,75,82,97,67,59,73,62,37,26,44,72,51,64,50,73,71,96,91,91,78,75,43,88,100,87,34,47,65,94,57,22,66
さよならメモリーズ,88,80,81,91,63,92,81
となりのトトロ++簡単ver,89,88,92,90,80,87,25,16,23,22,15,45,31,17,21,26,23,17,18,19,13,14,17,18,11,19,15,17,18,18,5,8,13,16,13,15,17,19,20,14,13,13,24,26,25,28,35,43,31,31,64,54,25,26,28,35,27,33,27,58,53,58,68,72,56,82,93,68,82,52,69
Fire◎Flower,90,87,58,46,39,82,98,87,35
カルマ,91,75,95,91
群青日和,92,59,90,96,89,77,80,89,99,95,65,44,31,54,64,77,81
GO!GO!MANIAC,93,95
桜ノ雨,94,50,46,77,94,86,62,30,77,54
アンハッピーリフレイン,95,99
携帯電話,96
ふたりごと,97,67,78,85,76,61,67,57,55,52,53,75,73,68,69,71,77,68,90,78,76,85,81,63,67,74,78,78,69,61,72,95,74
君と羊と青,98
虹 二宮,99
勇気100%,100
想像フォレスト,13,5,6,7,10,16,22,20,21,31,28,41,35,22,35,55,40,42,48,62,72,89,89,68,56,72,38,51,48,51,97,94,74,87,79,85,70,38,64,95,97,63,95,91
ナイショの話,21,34,76
Country+road,28,22,16,13,7,3,5,3,3,4,2,3,2,3,5,4,2,2,2,2,25
君の知らない物語（難コードVer）+,35,54,82,93,72,94,93,98,69,95,87,64,34
なごり雪,63,53,68,86,82,87,36,77,85
ブラック★ロックシューター,84,45,97
日常,86,98,98
エンヴィキャットウォーク,92
くせのうた,98,91,63,83,89,98,75,63,79,89,100,60,89,96,90,90,62,39,49,50,42,73,70,94,79,58,55,48,38,63,72,65,75,82,53,51,30,25,28,70,74,98,94,96,93,64,15,25,38,69,85,99
3月9日,99,6,63,2,32,84,46,93,64,17,11,7,50,50,8,70,26,20,21,13,5
ロマンスの神様,100,38,24,39
白金ディスコ,7,27,99,95,90
旅立ちの日に,19,100,9,26,36,55,36,79,25,44,32,16
春に一番近い街,25,33,72,100,51,98
ワールドイズマイン,69
愛言葉,73,59,91,90,86,97,96,97
Tell+Your+World,77,40,78
ゴーゴー幽霊船,80,99,94,80
RAINBOW+GIRL,93,99,71,84,50
炉心融解,97
おジャ魔女カーニバル!!+おジャ魔女どれみ,98,47,51,9,18,33,68,72,57,100,72
vivi,99,49,43,60,89,91,87,85,100,74,32,28,55,74,73,71,59,70,76,50,48,55,38,35,41,43,45,38,37,44,54,38,35,39,24,34,50,50,57,50,46,46,44,35,40,30,32,44,43,37,46,41,41,37,39,41,47,43,32,39,36,37,34,31,40,48,69,37,70,75,90,66,67,74,64,40,41,50,83,98
太陽曰く燃えよカオス,8,1,4,55,92,61,97
祈り～涙の軌道,28,96
"rain+stops,+good-bye",65,67,63,78,81,95,82,77,100,92,72,81,90,92,97,79,92,74,78,100,77,100,85,75,54,65,84,48,60,66,95,71,78,82,86,73,92,57,59,86,94,62,73,93,95,84,86,90,61,56,71,59,59,92,83,71,84,97,94,61,75,52,97,88,92,86,76,79,88,70,58,60,88
コノハの世界事情,73
ロビンソン,78,34,31,51,43,49,45,50,50,50,49,44,55,63,57,64,54,24,11,27,43,66,86,92,74,99,85,89,89,93,76,85,71,96,77,71,44,19,97,83,55,42,38,87,94,69,55,87,45,40,60,65,39,56,47,59,53,98,54,44,52,26,27,27,57,48,36,26,53
空も飛べるはず,80,30,16,20,37,34,28,57,56,57,38,35,52,46,61,53,36,55,44,38,52,72,57,38,53,63,81,89,81,81,90,87,81,86,79,87,90,75,73,67,61,86,87,90,63,61,69,68,69,56,79,83,67,94,76,42,28,35,88,94,86,95,92,26,56,46,50,64,46,96,77,93,59,80,46,71,67,68,89,82,91,90,75,78,67,50,74,67,100,93,88,46,37
Funny+Bunny,98,79,88,84,72,81,83,53
恋のオーケストラ,31,43,96
六兆年と一夜物語,53,100,98,97,95
歌うたいのバラッド,64,73,87,79,83,55,27,37,21,31,37,39,33,43,48,63,47,16,25,54,58,89,84,88,66,77,66,90,65,95,45,67,97,76,93,46,50,58,27,101,69,36,37,54,24,39,30
ウィーアー！,69,86,64,89,84,79,80,13
若者のすべて,83,89,67,71,91,97,72,96,93,82,30,25,31,53,100,100,25,33,13,25,37,29,90,40,21,50,72,27,6,11,97
HANABI,93,71,83,93,78,93,32,46
徒然モノクローム,95,80
Change+the+World,97
如月アテンション,11,42,42,69,62,81,91,88,79,74,89,96,92,96,87,45,41
夏祭り,13,5,8,35,60,92,20,9,7,6,25,80,90,40,24,21,26,98,49,13,24,92,79,95
アイロニ,28,37,30,19,25,18,35,23,28,42,45,45,47,85,64,68,68,52,44,35,31,34,31,32,31,37,31,25,25,20,30,25,26,28,17,16,20,21,17,29,26,24,20,17,15,18,20,17,20,33,26,29,36,37,46,31,21,38,39,40,41,33,39,40,34,51,47,70,52,54,52,51,55,48,58,62,88,92,89,91,69,53,62,55,62,57,51,36,57,59,75,68,74,38,61,59,93,56,66,71,95,96
ハナミズキ,33,95,29,26,65,70,73,78,94,86,58,82,82,84,32,35,61,90
glow,45,41,27,39,40,40,32,22,27,41,49,50,42,47,47,33,42,41,37,33,29,51,43,37,32,41,40,44,35,31,35,28,34,41,32,33,37,37,33,24,29,26,32,30,41,37,48,36,27,29,34,46,48,52,27,32,48,52,49,59,55,47,43,54,48,56,51,58,98,66,48,49,52,44,41,28,36,52,74,66,82,72,100,50,74,85,39,47,60,76,60,100,96,90
ライオン,64,96,90,89,93,83,80,65,66,71,82,97,99,96
リライト,69
練習用,90,93
ルージュの伝言,95,91,87,64,53,64,59,23,21,15,19,9,21,26,40,45,59,56,65,49,83,94,66,75,68,94,44,63,44,65,81,72,87,96,73,98,73,77,91,99,56,77,63,98,75,84,61,55,72,57
alice(古川P),96
もしも,97,75,86,95,100
閃光少女,98
優しさの理由,100
お後がよろしくって・・・よ！,28,1,4,75
ポケモンセンター,30
いつも何度でも,36,97,53,88
地球最後の告白を,44,87,36,72,72,71,92,94,32,72,90,70,69,85,100,63,78,55,85,38,72,57,56,58,47,79,76,67,31,49,54,86
有心論,48,98,95,85,91,94,87,89,93,90,69,84,34,77,81,99,80,93
いいんですか,66,68,67,64,65,81,84,76,80,75,82,76,96,81,87,92
奏(かなで),97,49,44,49,56,48,67,25,62,56,85,90,37,79,84,27,15,11,17,23,27,34,35,22,26,31,49,75,57,43,55,64,58,62,55,24,49,64,67,72,79,90,64,31,48,32,39,41,47,18,19,19,28,39,52,61,57,40,54,74,68,65,70,53,53,66,87,47,44,29,56,66,50,75,62,58,46,75,54,68,90,55,37,60,16,32,39,72,32,34,42,20,19,27,27,41,39,59,42,36,50,75,68,79,51,72,47,74,55,46,54,67,67,44,49,29,14,16,22
wherever+you+are,100,88,37,37,26,33,32,18,20,25,22,21,32,33,32,26,23,32,34,38,45,58,43,41,59,62,49,48,65,58,76,54,72,92,50,42,62,63,69,89,85,44,4,4,3,6,12,19,27,32,23,19,38,40,29,47,41,44,50,76,84,74
あたりまえ体操,18,24,16,17,23,33,34,52,99
小夜子,54,93,92
リアルワールド,66,78
カントリーロード（英語ver）,77,53,73,29,17,12,11,18,18,12,5,3,4,3,33
チルドレンレコード,96,62,63,78,93,74,82,88,68,75,60,88,95,63,65,78,87,88,95,98,93,95
創聖のアクエリオン,98,95,59,100,57,88,28
愛をこめて花束を,99,97,97,93,80,41
めざせポケモンマスター,100,31,50,70,83,76,85,66,99,86,17,7,76,85,70,84,92,98,32,66,55,80,93,73,75,77,55,96,63,82,58
ｼｬﾊﾞﾄﾞｩﾋﾞﾀｯﾁﾍﾝｼｰﾝ,27
いーあるふぁんくらぶ,47,39,33,62,82,88,73,46,100
どんなときも。,70,56,95,67,100,66,100,37,3,23,55,89,67,46
crossing+field,77,79
歌に形はないけれど,92
涙そうそう,100,69,62,95,71,99
サリシノハラ,34,1,9,15,30,39,46,28,62,57,79,84,95,71,94,40,71,76,70,84,97
おなじ話,44,46,47,45,42,51,47,51,49,60,62,57,70,75,73,62,42,50,41,30,33,35,33,36,29,19,28,19,25,24,21,14,16,22,22,15,17,19,19,16,22,16,16,15,7,8,9,18,21,29,36,30,23,37,43,33,42,41,52,52,70,94,72,64,58,44,51,46,70,61,48,82,91,75,87,91,53,65,80,93,95,74,76,100,73,57,40,40
三人のおじさん,72,80,73,95,86,78,93,71,49,72,63,53,25,25,36,36,51,48,60,88,72,78,89,64,57,70,29,48,64,94,73,57
にんげんっていいな,99,96,98,60,80,62
CHE・R・R・Y,37,5,6,19,29,28,40,39,55,44,58,57,60,78,83,72,68,60,89,82,89,77,53,100
I+love+you,59,99,83,97,85
脳漿炸裂ガール,63,87,78,37
あわてんぼうのサンタクロース,90,1,55,6,29,5,76,6,40,7,6,11,54,44,26
Sparkling+Daydream,91
世界でいちばん頑張ってる君に,98
スノースマイル,99,18,68,90,34,30,81,45,87,46,90,75,63,98,54,51,59,39,63,56
女々しくて,21,9,16,8,9,32,77
白い恋人達,30,74,95,63,11,13
ダンデライオン,49,72,70,81,69,88,94,74,80,97
ボーリング,69,81
All+I+Want+for+Christmas+Is+You,77,24,23,56,78,34,19
独りんぼエンヴィー,83,43,65,84,79,99,98,84,81,84,89,85,90,86,92
赤鼻のトナカイ,86,91,7,100,12,99,14,57,10,31,32,91,59,9
誰でもいいから付き合いたい,89
オレンジ(トーマ),49,64,93,91,80,87,72,62,73,67,58,58,46,60,87,91,92,97,91,66,86,76,68,95,100,73,90,94
AM11：00,87,92
風に吹かれて,94,77,71,93,98,96,99,93,98,97,4,33,49
"One+More+Time,+One+More+Chance",97,100,99
エイリアンズ,100,42,6,15,30,53,89,76,99,80,63,68,85,59,99,46,94,81,62,63,48,23,11,10,17,14,25,28,22,20,17,17,10,26,24,29,23,26,45,26,17,34,48,33,13,21,27,28,23,31
ベイビー・アイラブユー,44,60,65,70,64,45,56,61,49,51,33,29,40,83,86,88,73,97,92,100
Love+Song,51
夜咄ディセイブ,61,11,27,48,33,35,34,45,48,72,61,47,48,37,33,34,56,66,89,97
「ねぇ。」,67,86
花の名,85,95,86,60,85,84,64,97
そんなこと裏のまた裏話でしょ,87
BLOODY+STREAM,99,98
春よ、来い,33,36,70,63,31,94,4,15
しわ,75,67,61,65,77,70,62,76,64,76,59,47,45,43,68,69,67,89,85
茜空+(瀬戸麻沙美),97
紅蓮の弓矢,1,1,1,1,1,1,1,3,2,2,4,3,3,12,21,31,42,40,27,27,27,22,44,79,88,70
ロストワンの号哭,14,24,27,36,40,38,36,50,42,31,27,27,20,22,26,32,36,33,26,33,34,40,51,48,37,43,48,58,59,63,55,70,100,87,57,93,58,68,50,85,60
時代,74
A+Whole+New+World,80,30,75,100,73,67,69,80,34,31,30,27,37,47,65,42,33,25,43,47,36,47,34,15,18,23,19,11,9,7,11,9,12,21,14,6,5,10,10,24,40,44,76,84,55,43,58
ロスタイムメモリー,95,54,97,98,71,64,29,76
アヤノの幸福理論,25,35,66,87,70,86,95,75,71,82,57,59,44,81,79
Dont+Look+Back+In+Anger（アコースティックVer）,53
虹色の戦争,62,80
Whatever,78,100,92,94,86,99,70,67,57,92,72
美しき残酷な世界,79
吉原ラメント+(簡単コードver),80,99,93,93,54,76,96
糸,89,99,66,84,57,65,68,84
オレンジ(クリープハイプ),96,74,65,98,50
左耳,98,85,84
走れ!,99,74
secret+base+～君がくれたもの～,25,26,20,9,41,66,81,57,55,56,61,47,40,36,32,24,61,31,14,18,18,18,43,66,23,19,57,25,14,73,99,92,51,55,87,59,84,43,66,94,40,94
Rain,52,99,79,82,96,66,75,64,78,21,81,56,96
RPG,70,37,40,69,74
サリシノハラ+(簡単コードVer),95,96,82,85,80,86,87,79,53,57,46,46,54,41,41,61,64,84
カントリーロード,10
ひこうき雲(荒井由実),20,11,18,34,68,87,98,94,99,90,97,95,61
愛のうた,23,15,27,35,43,60,42,37,54,66,71,63,78,61,55,51,42,46,51,35,50,56,82,73,79,54,67,66,54,77,75,95,83,89,39,77,65,88,19,73
オツキミリサイタル,31,100
痛いよ,34,66,92,91,73,48,75,91,71,98,83,82,60,51,71,64,94,71,93,72,96,98,56,72,100,97,69,97
同じ空の下,75,77,73
ないものねだり,87,35,29,46,42,65,69,69,99,84,42,23,25,57
夕景イエスタデイ,38
全力少年,51,22,100,49,90,62,79,57,68,53,95
自由の翼,98
サマータイムレコード,21,39,63,85,84,76,76,72,53,47,34,58,76,85,81,68,84,65,88,77,97,96,35,98,78,59,47,34,62
Let+It+Be,46,22,16,27,27,26,57,56,60,85,98,80,98
great+escape,71
乾杯,96,88,97,90
BABY+BABY,98,98,53,50,75,88,62,64,87,99,91,95,85,68,80,20,31,83
時には昔の話を,99
カントリーロード(簡易アレンジver),5,2,4,3,3,2,5,6,3,3,5,5,5,5,13,13,10,8,9,8,5,9,9,8,12,13,13,10,11,12,9,13,16,24,30,38,30,31,24,12,10,23,31,34,31,31,13,45,49,85,91,88,73,100,57,93,87,45,49,64,50,59,54,69,84,80,89
Country+Road,23,22,29,15,8,6,8,5,2,2,4,3,3,2,2,3,3,4,3,2,2,1,1,1,1,2,3,1,3,2,1,1,1,1,3,7,8,7,12,6,7,14,16,26,26,26,24,31,30,55,73,45,66,78,69,71,58,55,67,63,39,45,36,9,21,46,92
WHITE+ALBUM,58,88,95
完全感覚Dreamer,75,68,60,53,64,80,56,54,76,85,80,85,89,93
五月の蝿,81,96
My+Song,83,46,51,44,47,42,44,39,39,48,59,59,58,64,49,46,55,64,68,86,84,86,86
境界の彼方,93,28
聖槍爆裂ボーイ,97
すいみん不足,98
もしかしてだけど,1,1,1,1,1,2,2,1,1,1,1,4,3,4,2,7,12,19,37,40,60,75,78,99,62,86
ドーナツホール,6,12,9,15,16,14,16,17,19,22,21,24,23,24,20,23,22,20,17,26,25,28,23,21,22,25,27,27,22,27,38,40,52,42,31,23,30,35,44,30,29,28,45,54,36,41,49,50,53,64,56,68,57,56,57,33,43,56,32,55,76,94,79,53,67,66,72,61,100,42,56,87,58,54,75,74,99,89
Yesterday,35,62,100,99,93
届かない恋,96
ジングルベル,3,91,7,62,7,35,6,28,28,59
サンタが町にやってくる,15,11,3,8,2,14,8,22,72,75,39
ツキヨミ,39,88
アゲハ蝶,66,83
dont+cry+anymore,80
Day+dream+biliever,82,32,68,95,29,35,28,40,38,32,31,27,31,29,18,22,27,27,27,22,31,41,40,33,40,40,55,48,75,87
粉雪+(レミオロメン),83,61,78,25,69
大きな金魚の樹の下で,21,16,73
会心の一撃,28,51,79
虹（二宮和也）,45
ヨンジュウナナ,61,54,81,86
ラフ・メイカー,97,77,66,97
地獄の沙汰も君次第,2,12
オリオンをなぞる,84,64,100,97,67,72,18,81
小夜子(簡単コードver),94,35,47,56,58,46,37,39,36,41,50,43,46,44,42,53,62,44,56,55,58,56,84,77,68,71,73,64,46,74,70,80,88,76,82,97,83,90,83,97
Let+It+Go（日本語版）,24,1,1,6,10,19,58
BELIEVE,94
さよならミッドナイト,96,79,70,54,56,84,93,89,97
アイネクライネ,6,3,5,12,17,12,11,8,10,6,6,5,4,5,4,7,5,4,4,5,5,2,1,1,3,4,3,3,4,6,9,8,9,7,9,7,7,4,4,4,5,6,7,6,9,23,17,13,11,14,22,18,17,16,12,14,15,18,17,34,30,23,36,44,47,42,45,41,48,27,52,58,84,45,43,53,30,47,44,56,46,54,54,75,66,66,56,72,60,95,87,86,88,66,94,50,43
リビングデッド・ユース,24,33
ウキウキWatching(笑っていいとも!より),26,60
TKGのうた,40,36,59,100,45,22,54
ray,54,75,74,45,41,86,65
zoo,84,91
僕に彼女ができたんだ,99,99
奏（かなで）(藤宮香織Cover),26,19,40
MAD+HEAD+LOVE,57
WOODEN+DOLL,66
眼福,68,75,91,99,66,76
HE+IS+MINE,92
海と山椒魚,94
Snow+halation,95,15,30,52,48,52,52,29,24,30,39,58,59,35,32,43,73,64,58,38,51,82,92,80,71,94,82,59,32,49,78,81,88,71,81,83,81
雪だるまつくろう,34,23,21,14
Daydream+cafe,45,97
NIPPON,49
DAN+DAN+心魅かれてく,78,94,88
"夏色えがおで1,2,Jump!",89,58,55,99
花ハ踊レヤいろはにほ,7,12,22,84,6,12,30,56,71,94,42,53,68,70,51,72,92,67,31,51,40,87,67,82,72,90,48,61,68,99,67,92,71
君じゃなきゃダメみたい,18,3,4,17,34,62,78,68,93,76,22,14,34,69,60,55,53,84,96,54,63,60,59,67,80,61,79,86,67,40,65,42,39,31,42,44,57,77,53,63,57,71,80,73,42,65,62,84
愛してるばんざーい！,22,38,72,73,76,100
Arriettys+Song,52
恋愛裁判,61,97,98,90,61,95,69,88,47,73,53,100,80
もののけ姫,65
メランコリーキッチン,70,82,62,81,80
daze,85
さよならミッドナイト(ギターアレンジ+ver),100,73,70,44,39,35,15,19,14,15,20,20,23,21,23,18,16,14,19,16,18,20,20,19,20,22,19,15,17,22,15,20,21,32,31,22,13,17,23,20,28,20,28,46,29,30,27,13,16,28,39,23,28,30,32,31,27,33,23,21,17,16,15,17,22,24,27,29,33,32,61,58,49,66,48,65,62,66,65,72,80,91
世界は恋に落ちている,2,2,9,17,26,35,52,62,51,73,65,40,53,94,75,80,100
恋のチムニー,16,79,78,27
LEO(tacica),20,7,38
君と夏フェス,44,67
Shout+(androp),46,65
グリコ+カフェオーレ+CMソング,49,70,62,56,63,26,29,40,47,48,69,43,47,62,47,33,25,63,78
Sing,63,41,54,68
The+Beginning,66,61
少年時代,79,99,46,51,59,91,22,38
YOU,85,88,60,55,68,68,51,34,31,78,69,54,82,79,54,49,41,40,47,58,73,92,85,95
とびら開けて,93,52
fly+me+to+the+moon,98,56,65,63,89,93,87,54,47,56,58,41,41,47,66,59,97,79,78,59,61,58,71,60,86,83,85,72,53,46,36,35,56,59,92,94,52,84,57,27,36,75,42,42,58,25,11,20,59,49
らしさ,9,6,16,37,69,97
ようかい体操第一,29,28,88,59,52
ひといきつきながら+,30,12,4,6,4,4,3,1,3,3,6,7,16,14,20,22,24,24,10,7,28,23,25,38,45,25,17,64,82
ひまわりの約束,31,7,7,8,8,13,13,22,22,19,29,21,13,25,27,16,22,38,47,38,43,56,38,48,51,60,85,73,79,52,42,92,70,92,84,74,99,65,47,51,75,49,93,33,42
ふるさと,66,83,74,77,87,96,70,50,52,66,95,99
ホシアイ,85
人生☆キミ色,90
北極星～ポラリス～,96
ファントムヴァイブレーション,100,77,95,65,29,61,92,72,61,93,38,71
光るなら,1,1,1,11,20,14,18,30,51,68,99
WELCOME!!DISCOけもけもけ,2
星屑のインターリュード,13,28
ギミー！レボリューション,45,96,28
SUMMER+PARADISE+feat+Taka+from+ONE+OK+ROCK,62,60,90,89,55,51,32,66,59,95
スーパー・ノヴァ,87,80,95,77,97
この星に生まれて(合唱),90,78,85,42,48,90,97
SunriseSunset,92
世界をかえさせておくれよ,94,28,38,100
金曜日のおはよう,97,91,91
Determination,9,17
君の待つ世界,12,36
することないからセックスしよう,40,80
チェックのワンピース,72,98
いかないで,75,90,82,65,58,91,97,92,52,75,88,61,27,71,39,92,20,89,78,70,59,90,61,61,57,81
心做し,92,83,65,65,34,28,39,55,47,48,45,45,41,51,53,44,33,31,39,32,37,37,44,54,69,55,54,49,53,54,69,50,46,71,67,60,57,80,86,80,51,43,48,56,57,72,66,49,66,57,52,78,48,44,73,77,56,97,78,82,98,74,82,82,67,90,93,94,90
ideal+white,98
courage,31,32,76
スーパーマリオワールドで、ウエスタンショー,41
夜明けと蛍,52,68,42,26,31,41,24,31,37,43,59,37,48,20,26,28,25,19,14,18,17,22,29,45,38,14,29,34,23,23,27,23,21,34,28,31,36,32,29,35,27,17,23,23,14,11,10,24,19,27,43,28,31,17,21,27,24,23,16,20,21,14,15,14,10,18,21,20,19,23,26,33,37,29,26,39,24,23,23,21,17,22,38,46,48,52,38,36,45,23,28,20,12,30,41,25
新宿,93,98,73
あったかいんだからぁ♪,1,1,1,2,10,33,71
積水ハウス,5,49,41,24,29,19,60,55,34,63,82,100,99
吹雪,9,2,2,5,31,96
雨音ノイズ,34,67
極限Dreamer,53,40
Star!!,66,5,7,26,47,86,61,57,26,24,46,42,28,36,45,51,52,44,53,63,68,45,63,61,59,77,42,40,80,70,49,66,98,78,44,56,74,99,62,71,59,62,41,68,82,98,92,85,88,91,70,99,84
しあわせグラフィティ,72,17,25
イグジスト,73,12
あーりんは反抗期！,82
ダイアトニック,85,98,82,58,52,83,49,46,54,49,57,47,57,60,29,30,35,43,46,32,26,34,45,38,44,51,33,31,40,40,42,39,35,38,43,40,48,53,44,54,50,36,37,40,54,36,51,40,36,45,56,68,88
半透明人間,88,83,83
炎のたからもの,89
私は貴方がいいのです,91
ジャパネットたかた,98
海色,8,23,81
Dragon+Night,16,17,45
栄光への一秒,29
ミルキィ+A+GO+GO,47
七色シンフォニー,50,27,95
YDKのうた,62,46
情熱CONTINUE,66
右に曲ガール,71,89,77,83,97,64,37,50,94,89,80,70,65,58,86,66,76,74,79,53,83,78,88,76
うれしいひな祭り,86,82,49,23,37,50
Bad+Apple!!,95,65,88
バイ・マイ・サイ,98,95,78,58,70,74,46,52,24
季節は次々死んでいく,6,8,23,30,41,42,50,83,79,96,94,89,78,88,93,88
さよならだけが人生だ,21,27,74
だんだん早くなる,30,44
思い出のアルバム,53
あいとわ,59,80
START_DASH!!,94,100,88,58,72,80,82
だんだん高くなる,11
希望の唄,24,1,7
ファッとして桃源郷,30,26,17
涙スキップ,65,92
アスノヨゾラ哨戒班,88,48,91,94,30,74,83,28,26,40,65,41,50,45,62,55,35,52,60,77,51,59,27,24,30,37,38,35,12,24,26,38,38,34,40,37,35,40,28,21,27,37,32,27,28,45,35,28,48,51,53,65,64,86,58,17,32,68,37,34,38,41,56,66,71,53,44,43,47,39,44,52,57,74,82,67,81,66,82,78,54,83,90,75,91
シュガーソングとビターステップ,4,1,2,3,6,6,6,8,7,10,9,11,21,15,5,8,17,24,48,42,39,53,25,18,24,15,43,47,11,19,42,68,51,49,73,72,59,62,72,84,99,41,53,41,47,89,84,34,48,93,82,56,71,33,50,99,75,43,70,41,44,94,67,84,69,83,60,100,65,35,65,61
Brand-New+Myself+〜僕にできること,29
バカップル死ね,38,11,30,23,32,46,67,31,52,23,15,34,31,55,59,16,28,38,56,48,79
南中ソーラン,45,40,14,69,9,52,40,28,9,37,97,81,7,67,57,30,13,83,43,57,21,75
東京+(きのこ帝国),71,88
グリグリメガネと月光蟲,92,89,78,89
雨(petrolz),96,77,60,63,65,78,84,99,57,47,38,72,87,64
情熱大陸,99,69,70,69,47,65,58
富士サファリパークCMソング,101
シオカラ節,10,3,2,5,3,4,35,29,25,30,85,53,20
メリュー,27,36,87,92,89,91,97,94,90,87,93,87,99,95,99,93,82,83,73,92
Angelic+Angel,34,18,65
Qunka!,79,63
ブリキノダンス,81,69,88,46,80,53,49,67,75,86,74,82,92,68,92,100
シリョクケンサ,95
福笑い,99
ex+ダーリン,101,88,16,79,78,85
SUNNY+DAY+SONG,33
ゆずれない願い,38,71
おかあさんの唄,45
たなばたさま,50,62,13
夢花火,75,51,84,77,64,48,60,42,45,72,67,76,73
Miracle+Shopping,82,47,71
crow+song,95
かくしん的☆めたまるふぉ～ぜっ！,8,3,5,25,53,72,81
ふ・れ・ん・ど・し・た・い,12,10,51
海の声,13,2,13,17,12,21,21,88
東京サマーセッション,30,54
おかえり,44,21
アストロノーツ,61
至学館高等学校校歌「夢追人」,86,36,5
隅田川,93
こだまことだま,95
リーマンズロック,98,90
心の瞳,99
アンビリーバーズ,28,36,96
おあいこ,35,39,53,50
青い栞,49,44
セプテンバーさん,68,21,92,94,18,10,52,31,24,100
BIG+UP,76,84,29,36,23,55
ダラク,87,79,47,36,53,66,86,86,81,75,76
公園,93
talking,2,3,81
我ら思う、故に我ら在り,10,10,40
メトロノーム,11,16,29,33,20,24,23,29,30,35,45,42,31,43,39,34,42,44,41,46,51,44,51,47,43,46,49,64,73,69,82,73,63,85,68,73,85,78,91,96,88,87,97
フローライト,20,52
あたしはゆうれい,30
Dear+birthday,31,30,61,73,78,77,71,66,39,68,41,67,61,50,54,43,68,43,73,72,83,94,93,83,64,61,52,65,71,56,47,63,95,77,100,99,85,97,95,100
ミラージュソン,33
君のこころは輝いてるかい？,34,90
シンデレラグレイ,52,93
紅葉（もみじ）,61
ノーポイッ！,76,23,74,98
さぁ,82
unravel,88,98,74,39,34,37,35,29,32,25,33,49,100
ときめきポポロン♪,94,33,87
ワルツ,96,95,85,87,91,87,74,100,91,86,95,66,80,48,38,47,66,76,74,72,58,59,57,59,58,68,75,68,53,50,74,80,81,84,53,97
はなまるぴっぴはよいこだけ,1,1,3,9,20,43,68
What+a+Pastaful+World+～なんてスパゲティ世界～,14,34,42,72,43,32,56,78,69,67,84,64,51,57,41,57,40,46,62,38,45,57,56,52,60,60,61,59,86
いすゞのトラック,34,41,80,100,54
たばこ,45,37,13,19,26,30,23,12,21,23,14,27,20,47,27,33,35,29,48,18,24,33,16,31,24,40,48,42,47,46,36,48,82,43,19,25,44,30,49,46,54,41,41,25,41,57,37,52,43,99,25,42,46,54,48,84,79,92,64,96,97,58,77,93,93,72,100,98,39
とってもサファリ,57,33
いくじなし+(さくらしめじ),59,88,82,61,65
それがあなたの幸せとしても,61,60,55,58,95,91
ウミユリ海底譚,89,80,80,94,74,55,55,59,44,50,61,76,67,56,50,60,58,91,92,64,64,92,70,57,60,87,89,81,73,83,77,87,96,93
六つ子に生まれたよ,4,8,45
クリスマスソング,27,79,22,87,29,9,13,23,14
家族なんです,70
1226以降の年末ソング,71,86
THANX,75,19,14,27,58,91,91,55
バレリーコ,76,67,89,94,95,79,98,93,81,66,72,79,86,95,73,85,93
戦場のメリークリスマス,86,83,100
girlfriend,97,95,71,62,95,92,95
ドナーソング,99,63,52,36,65
らいおんハート,50
海の見える街,64,37,50,87,73,51,45,56,58,74,74,94,72,91,91,73,80,98,91,82,96,79,56,62,65,83,95,97,89,94,66,43,94,41
Starman,71
S(mile)ING!,87
曖昧劣情Lover,91,96,90,90,89,92,98,74,90,98,99
乾涸びたバスひとつ,96,67,80,77,75,99,100,70,77,82,96,69,100,96
monolith,97,33,46,96
BUMP+OF+CHICKENのテーマ,2,6,27
ゴーストルール,6,4,13,22,22,26,29,36,35,42,53,40,56,66,83,98,68,72,62,78,54,83,96,85,85
SUN,17,38,88,81,79,39,32,30,52,91,70
それは小さな光のような,42,29
浅草キッド,73,57
全力バタンキュー,83,63,76
いのちの名前,85,91,69,32,96,90,69,100,74,41,46,35,86,64,57,58,69,65,52,48,93,77,78,72,68,87,91,49,37,50,56,62,51,76,61,78,60,68,68,71,86,94
さよならまたね,90,85,64,84,95,92,76,100,89,79,92,95
ひろ,92,90,68
september,99,77,63,94
HEAVEN,100
ちいさな冒険者,13,56,87
魔法って言っていいかな？,19,21,51
Best+Friend,25
Everywhere+You+Look,41
Re_Re_,56
花瓶の花,81,17,3,9,91
TOKYO+BLACK+HOLE,84
ハイドアンド・シーク,86,98,78,57,73,72,88,89,68,65,100,84,91,78,75,56,76,78,65,97,97,82,95,93,91,85,68,66
ドラマみたいだ,93,28,14,48,81,81,85,56
mashmallow+justice,96
ボクノート,98
ニャースのうた,100,56,33
前前前世,10,76,99,4,1,1,2,2,2,4,5,6,10,17,24,21,15,37,45,49,54,37,96
くちなしの丘,15
You+(イトヲカシ),39
花瓶に触れた,66,72,39,43,40,34,28,21,11,13,12,11,18,12,18,22,21,23,18,21,19,21,17,21,27,27,27,20,34,98
ソーダ+(sumika),75,74,41,77,80,53,69,93,84,90,65,98,78
500マイル,81,20,4,49
こいのぼり,95,57
SUMESHI,96
ルパン三世+愛のテーマ,99
好きよ+好きよ+好きよ,2,2
エイリアンエイリアン,27,21,30,44,43,47,25,29,22,45,46,45,54,98,83,55,53,65,97,67,79,92,63,74,75,83,78
翡翠のまち,37,31,98
明日でいいから,40,42
さようなら、花泥棒さん,51,53
PUNCH☆MIND☆HAPPINESS,70,11,24,68,99
Lovers,77,28,46
花に嵐,96,82
mix+juiceのいうとおり,13,2,96
「ホテル三日月」CMソング,63
くだらないの中に,70,70,52,78,34,90
日本香堂「青雲」CMソング,82,89
Blessing,84,93,91
新町,85,98,87,55
SAKURAスキップ,16,12,25,99
青空Jumping+Heart,19,21,26,66
蝶々結び+(Aimer),31,2,4,6,12,20,16,22,47,47,35,36,82,75,89,92,93,76
メシア,83,89,96,99
背景、夏に溺れる,94,88,81,73,86,84,88,81
ユメ語るよりユメ歌おう,14,13,57
脱法ロック,15,62,75
ウェイウェイ大学生,66,78,71,16,51,56,52,97,82
空奏列車,79,99,96,92,99,87,96
始発とカフカ,85,78,91,76
お願い！シンデレラ,90,49,80
雨き声残響,92,91,73,60,64,52,89,97,96,59,67,82,86,66,51,61,83,67,69,74,97,68,84,64,67,81,100,99,96,82,90,77
ココ☆ナツ,97,73
なんでもないや,2,1,3,4,5,6,9,9,10,10,14,10,28,37,25,42,6,36,46,51,47,46,38,39,48,50,39,70,53,64,60,40,52,22,49,72,80,58,58,41,59,75,90,89,69,76,88,90,90,98,83
夢灯籠+(RADWIMPS),3,11,19,28,42
スパークル,5,5,6,13,17,39,59,67,71,58,82,50,81,85,66,79,34,71,87,98
LOSER,20,7,10,14,20,19,31,35,32,16,28,26,36,42,32,24,31,40,28,20,11,12,8,6,6,5,13,13,10,15,16,19,22,28,29,41,40,37,39,74,52,71,71,79,95,46,70,89,78,83,97
めんどくさいのうた,56,51,54,98,63
ラプンツェル,71,84,92,81,55,43,33,37,51,29,13,18,30,21,21,19,9,13,10,15,20,28,24,15,14,13,27,18,22,13,12,9,15,13,17,25,20,14,10,14,22,24,30,41,40,90,88,50,91,80,81,98
おいでよ亀有,81
前夜+(井上緑),93,98,95,94,96
みんなのきもち,96,13,55,59,65
未熟DREAMER,98
恋+(星野源),3,1,1,1,4,4,4,5,7,12,27,15,18,34,37,28,54,98,60,59,67,67,60,20,62,64,32,42,63,82,81,40,80,19,69,33,41,23,40,76,34,19,29,50,31,61,74,13,11,54,76,81,62,38,93
カタオモイ,10,4,5,3,3,10,17,22,23,34,37,33,38,45,44,36,32,36,40,28,31,45,52,37,43,49,68,60,74,93,88,76,53,67,36,24,45,84,73,39,54,49,38,51,80,45,49,51,58,50,51,59,54,54,57,71,68,70,75,58,9,20,30,44,52,78,44,60,75
第三高校校歌（陣内智則コント）,12
STAY+TUNE,28,13,17,9,12,61
ヒトツメの夜,44,66,43
君色に染まる,51,62,80,81,81,91
水流のロック,59,68,76,73
赤いスイートピー,63,70,89,71,64,43,99,62,43,66,83,92,45,39,30,77,81,57,36
Qooのうた,65
きみも悪い人でよかった,73
"Hello,星を数えて",83
蝦夷のセレナーデ,85,72,98
I+Will+Follow+Him,90
真っ赤な空を見ただろうか,100
シャルル,5,3,2,1,1,1,1,1,1,1,1,1,1,1,1,1,1,1,1,2,3,2,2,2,4,5,4,4,3,4,5,8,4,7,8,5,6,4,9,5,8,9,9,9,8,13,11,9,12,13,11,10,8,19,14,19,10,18,23,26,14,22,16,19,23,22,34,30,39,89,43,22,27
ハンドメイドホーム,11,31
生きていたんだよな,26,16,46,69
あつまれ！パーティーピーポー,36,70,45,81
恋人ができたんだ,53,26,36,41,45,42,29,35,29,29,32,22,74,84
魔法,75,100,89,96,79,93,93,92,85,95,88,68,73,48,68,63,70
さらば、八戸,80
ラブレター,89,79
光+(RADWIMPS),90,74
ハローグッバイ,96
アボカド,71,28,24,26,13,11,11,16,23,23,26,33
惑星ループ,72,75,27,82,74,64,84,66,50,44,39,48,72,95,64,62,49,42,68,54,40,43,71,68,43,17,26,13,14,11,9,7,12,12,9,11,8,13,11,11,19,20,24,77
はなれ、ばなれ,88,61,71,87,83,85,75,83,87,92,65,87,82,66,65,79,62,95,83,78,68,74,90,84,95,41,71,91,94
クリスマス,97,94,96
タッタ,18,11,17,86
テレキャスター・ストライプ,37,28,39,52,36,47,67,79,63
ヒトツメノ恋,48,88,71,100,84,24,27,44,70,90,99
朝を呑む,58,70,57,34,38,28,30,36,42,36,28,27,24,11,7,9,10,13,14,9,20,30,50,56,62,80,76,79,59,78,74,71,100
前を向いて,74
Tulip,100
ようこそジャパリパークへ,2,2,2,2,3,10,7,10,15,22,14,21,41,44,39,52,77,26,22,48,39,23,14,26,21,32,31,42,55,48,51,62,42,54,45,46,52,52,69,86,62,47,75,86,57,69,71,74,71,81,56,43,45,50,71,71,49,27,32,48,70,86
ぼくのフレンド,14,3,5,27,46
命にふさわしい,25,13,30,41,45,55,87,94
チュルリラ・チュルリラ・ダッダッダ！,54
おうちに帰りたい,66,63
僕が死のうと思ったのは,72
夜もすがら君想ふ,83,96,68,65,74,80,61,81,80,86
キセキ,89
ヨナヨナ~Yokr+of+Night~,18,36,74,97,79,87,70
やつらの足音のバラード,21,98
ダーリンダーリン,32,65,35,50,62,70,95
ララバイさよなら,72,69
つじつま合わせに生まれた僕等,89,40,97
大空ドリーマー,93
Alchemy,94,51,60,74
ようこそジャパリパークへ+(弾き語りver),3,3,2,3,3,4,6,10,12,11,14,11,13,19,32,52,88,79,84,63,77
キラッ！満開スマイル,26,42,97
雨とペトラ,27,8,6,7,12,19,17,20,18,26,20,14,14,18,14,31,22,38,83
棒人間,56,13,57
あたしを彼女にしたいなら,57,68,81,61,40,17,20,69
釣りよかでしょう。のテーマ,60,37,19,8,8,27,3,3,4,15,16,15,24,41,49,62,62,47,66,90,84,86,95,50,66,50,75,92,86
Happy+Party+Train,84
人魚(ポルカドットスティングレイ),89,58,62,78,95,99
明治「カール」CMソング,9,14
にじのむこうに,77,49,59,78,70,55,67,98,77,85
adrenaline!!!,89,33,63,100
名探偵コナン+メイン・テーマ,95,98,86,75,38,95,78,75,59,77
メーベル,5,5,6,8,9,11,11,5,4,5,8,9,7,13,11,25,17,30,46,48,72,51,51,75,98,62,56,71,47,77,53,86
レディーレ,32,2,4,5,4,8,7,10,9,12,12,21,17,20,18,39,51,79,84,71,74,89
ヒトリゴト,44,74
靴の花火,64,11,16,29,63,75,90,89,75,52,34,16,9,35,81,92,98,80
沙上の夢喰い少女,72,62
鱗+秦基博,78,81,91,31,64,79,82,95
ピースサイン,85,15,20,25,29,14,30,35,43,38,41,38,34,33,35,36,56,46,73,72,88,63,82,92
プラチナ,91,85,96,49,45,54,83,65,99,90,68,46,44,31,26,53,38,37,45,49,51,48,53,39,52,80,38,36,29,30,44,48,41,48,49,57,46,63,63,72,35,63
CLIMAX+NIGHT,95
砂の惑星,9,2,3,11,7,20,33,46,33,50,50,54,53,64,53,65
感情のピクセル,20,54
｢以上です。」,48
ピエロ,49
一般男性脱糞シリーズ,50,45,48,100,81,77,38,91,14,2,1,2,3,4,7,4,3,1,1,1,1,2,2,2,1,1,4,5,17,26,27,39
売れないミュージシャンのうた,58,67,91,100
アイラ,77,76,98
アイコトバ+井上緑,89,73,66,85,97,72,64,70,84,79,53,56,94,93,94,97,50,98,98,67
打上花火,11,2,2,5,5,4,22,27,17,22,19,9,7,12,11,23,31,26,51,57,52,39,35,36,26,66,85,80,36,71
ニア,44,64,47,73
松本クンの唄,48,96
肩+have+a+good+day,85,86,76,72,82,93
ハレ晴レユカイ,91,96,85,97,80,35,46,93,94,17,28,91,82,42,67,62,94,96,97,86,44,57,67,71,96,48,60,50,73,40,64
言って。,9,16,16,16,13,10,9,4,5,4,6,12,8,7,12,14,13,12,24,13,20,23,32,33,28,27,27,38,33,23,28,56,42,39,39,44,52,37,64,54,48,47,56,49,51,82,88,69,63,69,60,65,76,100,95,89,83,65
ああ人生に涙あり,51,72
ナンセンス文学,93,5,9,8,16,24,21,26,33,39,41,46,46,45,57,47,64,49,50,55,54,85,90
ドラマツルギー,10,2,2,2,3,4,7,12,25,19,23,18,34,75,76,32,42,58,54,52,46,82,65,77,61,63,86,59,75,56,91,92,95
灰色と青,32,4,3,8,15,18,31,31,41,42,26,55,52,63,65,86,78,86
そばかす,59,62,58,46,83,68,79,89,57,91
未来の僕らは知ってるよ,61
フィクサー,71,76,92,73,90,75,91,99,87,99,91,81,91,69,80,76,73,73,91,61,89,91,77,73,90,61,77,40,68
嘘（学園祭学園）,80,29,56,80,76
スカート,93,93,89,97,93,93
自傷無色,94
わたしのアール,95
妄想感傷代償連盟,15,33,81,61,56,54,69,71,71,80,89,94,98,90,48,96,69,79,87,55,80,42
命ばっかり,23,34,22,18,34,35,37,35,34,36,29,21,71,67,44,37,40,77,69,89
ヒバナ,30,35,46,87,88,77,83,93,86,97,60,70,97,87,90,81
タイトル+(おいでよ+どうぶつの森),40,26,75,95,100,66,5,8,35
飴か夢,41
刹那,43,41,60,88,89
ゆけ！けけライダー,47,33,15,34
動く、動く,52,17,39,86
時ノ雨、最終戦争,62
回る空うさぎ,64,61,38,76
世界寿命と最後の一日,68
さよならアイデンティティー,80,97
ぼなぺてぃーと♡S,98,66
Nighthawks,46,98
more+one+night,53
お気に召すまま+(Eve),59,12,19,30,30,45,60,60
「I+Love+You」のある世界,65,67,77
Black+Sheep,76,82,94
POPPY+PAPPY+DAY,3,2,2,23
レド,17,23,39,57,75,64,64
星色ガールドロップPV,25,45,45,38
恋してポプテピピック,29,31,50,95
奥様、お手をどうぞ,42
CLEAR（坂本真綾）,43,53
POP+TEAM+EPIC,44,8,24
思春期は終わらない！,52,99,95
ロリポップ,53
24時からのシンデレラ,69
快晴,74,27,29,18,23,16,17,24,24,32,41,37,31,34,26,24,12,17,19,17,22,28,33,35,95
都市生活者のブルース,84
Radio+Prayer,94
ハッピーの誕生,99
いつか+(Saucy+Dog),100,33,25,22,15,11,12,30
ドラえもん+(星野源),5,16,62,51
命に嫌われている,6,6,6,8,8,10,5,3,4,8,4,3,2,2,3,3,2,3,2,2,3,3,3,6,13,19,28,44,54,48,70,92,72,81,83,85,80,14,59
LETS+POP+TOGETHER,12,31,36
SHINY+DAYS,25,37,61
君の神様になりたい。,50,63,70,72,87,87,79,98,94
言わないけどね。,81,49,68
妄想疾患■ガール,83,74,81,94
Lemon,3,3,3,3,1,1,1,1,3,2,1,1,1,2,2,4,2,4,4,4,5,5,8,8,10,12,10,10,10,8,9,14,17,22,25,28,28,20,22,22,20,26,11,19,28,34,39,45,57,21,37,45,50,45,47,31,34
リメンバー・ミー,19,5,32,91,70,33,74,92,76
ロキ,42,2,4,5,5,10,9,9,21,20,19,24,32,38,29,44,55,69,82,91,88,89,61,70,94,68,83,86,94,98
春一番（ゆずVer）,77
ここから、ここから,80,67
月曜日,82
花（童謡）,83
おじゃま虫,84,99,94,78,96
青空のラプソディ,95,8,43,84,74,92
ライカ(yamada),97,90,93,66,59,85,38,81
アウトサイダー,16,7,10,21,31,49,86,62,61,29,30,52,82,59,60,60
何でも言うことを聞いてくれるアカネチャン,45,58
オトモダチフィルム,60,26,30,96,96,93,89,74
アニソン百花繚乱,80
スタートダッシュ,88
ハルカトオク,100
ヒッチコック,2,1,4,4,5,8,25,35,38,38,29,29,33,33,45,37,35,38,42,53,56,79,77,59,60,57,68,83,97,80,89,87
栞+(Radio+Bestsellers),13,15,32,32,60,78
Lost+my+music,93,74,96,89,96,87,77,65,45,58,95,89
帝国少女,94,43,80,65,99,71,90,90,47,73,83,83,69,62
ガランド,20,16,28,30,19,43,38,36,31,33,39,35,38,42,64,39,31,65,85,60,37,41,51,77
スタートリップ,38,69
アサガオの散る頃に,75,59
愛を伝えたいだとか,76,65,50,54,57,73,35,63,82,59,86,65,90,88,90,88,97
ふゆびより,94,88,88,94,83
瞬き+(back+number),95
秒針を噛む,2,3,4,3,7,10,14,11,15,20,13,20,14,15,14,20,18,30,15,26,27,37,15,20,33,21,22,22,26,28,23,14,26,33,36,38,40,36,69,40,95,84,90,68,81,56,82,95
尊師マーチ,11
虎,29,29,98
UNION!!,95
全部、好き,48,78
パオパオ,51,70,64,55
雲と幽霊,60,58,84
少女レイ,63,22,18,34,55,47,67,80,93,38,40,40,18,5,8,13,57,50,36,34,100,87,66,94,67,87,93,65,31,46,40,24,46,32,29,9,5,17,45,68
思春期+is+Coming+Back,89,51
オー・シャンゼリゼ,90,26,38,59,81,68,56,22,67,91,95
アブラカタブラ,92
パプリカ+(Foorin),93,41,50,55,48,50,22,11,5,6,10,8,10,4,12,15,24,55,81,98,49,59
ダンスロボットダンス,94,83
アディショナルメモリー,35,44
太陽系デスコ,41,31,76,84
ロメオ,72
またねがあれば,77,96,60,52,54,54,60,67,47,63,51,66,50,65,46,34
ミッション！健・康・第・イチ,90
全てあなたの所為です。,27
脳裏上のクラッカー,33,16,49,83,84,94,96
この世の終わりみたいなインスタの投稿,35,5,6,7,18,11,17,19,15,15,29,31,26,35,31,64,63,78
ADAMAS,61,91
愛言葉Ⅲ,70,70,86,85,95,85
悪魔の踊り方,87,87,55,48,50,46,56,73,70,48,33
月が綺麗+(岩見拓馬),90,60,96,61,65,36,30,26,37,38,30,32,30,37,24,18,16,20,16,15,12,9,8,6,10,3,6,4,3,4,4,4,7,6,8,7,8,18,11,11,10,11,17,17,31,25,23,21,18
ディスコ・ディテクティブ～水曜日の探偵～,100,31
灼熱スイッチ,1,3,5,10,10,21,16,29,23,43,29,34,23,19,18,28,29,45,30,31,44,45,33,43,52,57,61,58,78,60,61,80,58,77,40,57,76,93,68,77,77,63,71,81,92,74,38,32
UNION,10,8,25,33,66,99,94
ゆゆうた、特定される,19,44,56
M@GIC☆,20,41,59,100,78,71,36,56,67,94,59,80,49,45,39,30,31,74,39,37,28,22,20,32,39,35,37,41,55,50,46,25,36,58,48,49,77,79,74,93,96,79,72,68,86,77,90
スキノスキル,26,50
ただ君に晴れ,33,25,15,47,61,25,24,31,39,28,44,66,85,96,53,46,52,63,36,27,27,31,28,33,40,52,36,43,43,41,47,51,83,52,89,65,61,88,70,55,72,45,88
グッドラック+ライラック,37,33,92
好きです,38
徒花ネクロマンシー,51,23
恋？で愛？で暴君です！,54,42,82,89,89
不可思議のカルテ,65,58
Hot+Shot,67
†吸tie+Ladies†,72,53
バラバラ+～Balance+2+Variance～,80
恋は渾沌の隷也,83,92
ときめきシンフォニー,86
大物youtuberついにミュージカルにされる,87
イキリト,96
イリュージョニスタ！,97
Bohemian+Rhapsody(ボヘミアン・ラプソディ),21,43
クリスマス・イブ,45,41,12,65,2,26
人類みなセンパイ！,62,8,16,38,65,57,65,70,89,89,51,84
ばーか。,64,11,14,19,15,8,24,25,39,97,78,76,97,87
きよしこの夜,99,69
DAYBREAK+FRONTLINE,12,7,8,12,9,12,9,14,19,13,14,18,46,64,88,93
マリーゴールド,16,8,5,5,7,7,8,11,11,11,9,11,10,14,13,7,6,2,5,7,6,13,20,24,19,24,17,27,26,15,6,16,31,33,36,50,42,51,44,28,20,24,19,9,16,19,19
攻撃戦だ,33,55,49,18,30,40,26,83,72,55,99
君はロックを聴かない,58,40,43,43,28,34,95,91,99,62
乗ってけ!ジャパリビート,74,25
カレンダーガール,81,98,77,99,82,92,78
アイデア,100
藍二乗,5,9,10,25,47,58,76,92,92
カワキヲアメク,9,22,96
別の人の彼女になったよ,22,17,49,53,71,38,80,33,35,25,43,30,16,22,40,51,63,66
新宝島+(サカナクション),29,86,25
乙女解剖,35,6,8,10,19,28,58,47,60,75,59,78,49,69,38,82,92
五等分の気持ち,57
チカっとチカ千花っ♡,58,41
ラブ・ドラマティック,65,36
センチメンタルクライシス,76,64
幻想アンダーグラウンド,99
パレード+(ヨルシカ),42,34,98
フラジール,69,40,99
きみのかみ,79
だから僕は音楽を辞めた,1,1,5,6,9,7,7,7,9,11,9,9,17,11,13,14,16,14,15,21,21,21,15,29,25,29,31,32,27,32,21,24,36,35,24,39,19,26,34,42,35,57,66,59
アンノウン・マザーグース,22,87,97
ワールズエンド・ダンスホール,27
ルパン三世のテーマ,57,79,86
八月、某、月明かり,76,45
裏表ラバーズ,100
白日+(King+Gnu),27,11,20,21,17,12,12,7,3,4,6,11,12,14,9,14,16,12,18,20,41,32,31,54,86,100,50,54,57,54,43,48,64,71
海の幽霊,37,1,12,63
115万キロのフィルム,67,80,66,27,35,89,85,35,27,40,79,67,67,99,61,86,53,96,89,82,62,53,58,49,80,79,62,79
メロンソーダ+(Radio+Darlings),71,60
プラスティック・ラブ,100,79,24,69,82,65,60,60,33,63,43,45,46,28,30,18,28,21,28,31,47,33,27,35,20,26,17,19,15,17
新しい世界（アラジン）,10,16,45,79
ロミオとシンデレラ,73
今宵mofumofu!!,93
Cakes,99
愛にできることはまだあるかい,10,10,15,25,90
お願いマッスル,18,3,9,19,28,79,91
メリッサ,52
流星群,80,40,86,99,100
The+Loneliest+Girl,81
デリヘル呼んだら君が来た,86,75,49,49,69,93,93,57,77
新世界,98
Pretender,6,3,2,1,1,1,2,3,2,7,6,4,4,5,5,5,10,10,7,15,22,21,17,18,11,19,14,17,21,17,14,13,13,8,16,28,36,22,24,21
町かどタンジェント,16,24,39,60,68
楽園都市,20,34
グランドエスケープ,30,61
veil,44
よいまちカンターレ,54,62
パレード,60,100,88
乙女どもよ。,61,43
高嶺の花子さん,67,54
椎名唯華を待っています。,78
ノーチラス,13,33,71,78,93
雨とカプチーノ,41,29,26,29,75,25,26,50,78,47,36,52,74,41,36,47,35,31,35,46,48,83,60,53,76,82,54,66,80,81,38,42,48,60,41,96,76
贖罪+(傘村トータ),45,54,31,22,55
Stand+by+me+(井上緑),88
ヘビースモーク,91,92,79
はじめてのかくめい！,21,52,70,57,97,71
女の子になりたい,30,15,33,38,86,51,82,51,24,32,60,69,67,83,100,99,79,18
Phantom+Joke,46,81
宿命+(Official髭男dism),94,45,49,51,91
絶え間なく藍色,29,36,49
ちゅ～るしよ!,47,35,35,56,43,29,19,39,68,43,37,90
summertime+(cinnamons+×+evening+cinema),84,90,88
偽物勇者,87,92
Booo!,27,34,44,36,29,37
夜に駆ける+(YOASOBI),28,58,85,43,25,1,1,1,1,1,1,1,1,1,1,1,3,3,3,3,3,2,3,2,4,3,5,8,5,6,8,7,7,6,10,12
りスタート,39
気まぐれロマンティック,42
Virtual+to+LIVE,56,96
1・2・3+(After+the+Rain),69,83
Alice+in+冷凍庫,86
紅蓮華,7,3,4,5,4,4,3,5,7,2,3,5,9,17,22,38,34,44,42,59,41,32,20,41,49,79,72
まちがいさがし+(菅田将暉),20,47,63,82
約束+(Roselia),29
透明人間,35,65,74,85,82,38
Teenager+Forever,40,62
ユートピアをさがして,54,34
檄！帝国華撃団,70
Q,84
ベノム+(かいりきベア),89
HOWL,7
ももいろ,48
ノーダウト,60
コーダ,72
幽霊東京,55,80,96
もりのせいかつ,59,30,43
夜行+(ヨルシカ),60,53,98,75,61,55,94,57,89,88,83,95
生命線+(テンツク),72,77,91
間違っちゃいない,81,49,27,16,35,50,81,89
リビング,84
月のワルツ,87,90,88,80,56
うちで踊ろう,1,3,36,12,42
あつまれ+どうぶつの森+メインテーマ,3,2,7,18,40
ハッピー・ジャムジャム,43,83,66,98,69,97
sweets+parade,48,23
ハム太郎とっとこうた,95
花に亡霊,19,8,7,3,4,8,11,14,14,6,9,16,24,27,17,8,13,24,18,23,22,42,22,35,22,19,10,14,21,51,39
香水+(瑛人),3,2,2,2,3,4,4,5,18,41,73,40,55
Henceforth+(Orangestar),12
春ひさぎ,30,30,60
春を告げる+(yama),35,25,38,37,59,77,18,20,21,32,41,61,73,45,75,90,86,91
あの夢をなぞって,61
ハルジオン+(YOASOBI),62
アパルトの中の恋人たち,73
さようならに代えて,92,79,91
思想犯,97,15,28,73,54,87
猫+(DISH),43,17,13,11,7,9,8,9,10,14,12,12,11,21,14,31,31,24,10,21,50,83,85,63,64,76,78
おめでとう22歳,47
M@STERPIECE,63,97
Everything+(MISIA),73,85,55,96,57,80,55,32,67,78,46,96,97,45,37,36,58,87,62,65,97,34,74,54
勇魚+(岩見拓馬),54,91,60
たぶん+(YOASOBI),68,67,79
"My+Soul,your+Beats!",77,100
Dècolletè,78
Flamingo+(米津玄師),84
グレゴリオ,85,64,81,80
Catch+you+catch+me,89
卒業写真,95,55,50,60,80,73,59,53,11,63,93,43,72,58,63,51
Go+Just+Go！,26,97
First+Step,40
テレキャスタービーボーイ,49,23,24,36,26,25,24,34,68,92,86,53,81,76,72,89
Joker(アイドルマスター),57
裸の心+(あいみょん),61,48,73,97,70,99
帰ろう+(藤井風),88,63,84,77,86,90,96
sm19635778,90,91,89,95
感電+(米津玄師),7,15,19,27,27,53,62,92,72,94,70
木綿のハンカチーフ,30,34,98
Happy+Halloween,35,73,49
雪の華,39,43,29,42,15,8,34,82,100,40
KING,55,16,17,13,12,11,21,18,24,22,33,35,25,39,67,74
ヴィラン+(てにをは),58,25,30,32,35,37,57,90,58,75,83,100
炎,64,2,2,4,8,23,29,59,50,49,62,26,11,32,40,47,77,78,87,91,87
快眠！安眠！スヤリスト生活,28,76
リテラチュア,61,91
シャイノグラフィ,76
なかよし！○！なかよし！,84
再会(produced+by+Ayase),88,40,90
三文小説(King+Gnu),96
風を食む+(ヨルシカ),100
サタンがサンタ,6
うっせぇわ+(Ado),7,2,3,4,7,9,14,27,60,66,99,100,98,99
ドライフラワー+(優里),11,3,2,2,2,2,2,1,2,1,1,1,1,1,1,1,2,2,3,2,3,4,5,7
Shiny+day,31
廻廻奇譚+(Eve),42,17,16,25,30,58,73,84,98,63
アカシア+(BUMP+OF+CHICKEN),66,62
Mela!,68,31,32,54,82,85,24,23,76,76,86,56,64
Imagine,87,74
魔法の絨毯+(川崎鷹也),100,46,36,40,63,65,66,93,64,77,64,46,29,55,59,61
Universe(Official髭男dism),20,49,57
怪物,22,13,6,8,11,8,13,12,17,17,33,47,41,54,47,34,53,81,85,79
人生イージー？,38,45,58,70
Love+so+sweet,63,92
I+LOVE+(Official髭男dism),74
霽れを待つ+(Orangestar),95
何なんw,100,53,69,56,49,29,98,75,74,55,50,60,98,88
もう恋なんてしない,60,9,52,31
Seize+The+Day,64,89
接吻,67,81,97,38,40,55,80,57,44,32,38
春泥棒+(ヨルシカ),71,7,6,8,16,30,42,49,42,49,73,78,65,15,14,54,89,87
ばかみたい,86,77
ピアノ・レッスン,93
歌舞伎町の女王,98
黒糖Black+Sugar,18
群青（YOASOBI）,34,45,35,69,62,84,61,56,45,83
さんさーら！,50,12,25,37,52,68,93,52
勿忘+(Awesome+City+Club),52,44,94,43,95
うまぴょい伝説,65,1,1,1,2,1,3,2,5,16,7,20,12,17,19,40,56,61,83
GIRLS+LEGEND+U,67,13,15,18,34,55,81,96
寄り酔い+(和ぬか),81,72,93
タイムマシン,85
ユメヲカケル！,5,5,5,5,13,28,34,40,53,56,70,31,52,76
Make+Debut!,10,19,30,43,74,95,98
グッバイ宣言+(Chinozo),48,10,7,9,15,33,51,52,64,85,66,72
Automatic,78,69,80,97,70
優しい彗星,91
地獄屋八丁荒らし,97
Cry+Baby,6,35,14,10,7,6,7,7,15,29,46,33,24,38,59,81
もう少しだけ,33
宝島,42,87,96,73,86,92,89,93,96,66,75,74
アマカミサマ,83
橙+(岩見拓馬),84,71,100,92,94,57,65,86,89
SWEET+MEMORIES,95,60,55,55,96,85,68,85,74,98,65,60,78
あいつら全員同窓会,9,16,94,64
ギラギラ+(Ado),28,35,20,27,22,27,58,33,28,21,18,41,62,44,34,32,83
踊+(Ado),32,41,72,79
シル・ヴ・プレジデント+(P丸様。),63,12,9,10,8,9,10,13,15,19,44,55,47,76,51
ぽんぽこサンバ,70
愛のシュプリーム！,38,28
フォニイ+(ツミキ),44,4,6,5,4,3,5,4,6,6,7,9,13,13,15,25,14
めいど・うぃず・どらごんず❤︎,48
TSUNAMI,53,87,45,88,62,77
シャボン玉,77,94
三原色,100
ヴァンパイア+(DECO27),7,12,13,12,30,66,50,49,41,56,53,92,73
アポトーシス,23,30,64
サウダージ,4,10,43,52,53,51,51,25,33,32,62,33
Pop+Virus,78
Scary!Train!Kikirara!And+You!,37
YONA+YONA+DANCE,92
阿修羅ちゃん,6,17,12,33,68,84
正解はひとつ!じゃない!!,35
大好物,37
明日を漁れ,41
ファイオー・ファイト！,44
瓦礫の塔,87
ベテルギウス,89,33,18,13,28,43,81,59,79,59
銀河鉄道999,90
きらり+藤井風,94,6,27,92,40,31,35,73,69,52,60
メリクリ・フェスティバル,6
神っぽいな,12,2,3,7,7,16,32,29,28,35,94
Neighborhood+Story,29
恋人がサンタクロース,31,66
シングル・クリスマス,32
Last+Christmas,61
すてきなホリデイ,68,99
マーシャル・マキシマイザー（柊マグネタイト）,86
残響散歌,99,9,2,2,4,13,15,18,42,40,92
マツケンサンバⅡ,25
ラムのラブソング,28,42
ミライチズ（夜のひと笑い）,37,22,73
Anarchy,38
怪獣の花唄（Vaundy）,79,30,42,74,51,50,65,42,88,88
世界はそれを愛と呼ぶんだぜ,88
トンデモワンダーズ+(sasakureUK),95
BOY（King+Gnu）,99
ILLEXECUTION,7,55,79,75
ぺこーらに、告白しようと思ってる。,8,29
点描の唄,37,69,99,55,29
踊り子,64,97,52,68,29
水平線+(back+number),67,84,73,78,84,67,50,37,73
オリビアを聴きながら,84,82,85,72
まつり,56,36
幸せチャンピオン,91,25,64,12
ファンサ,97,67
isnt+she+lovely,99,66
ミックスナッツ,1,1,1,1,1,2,3,8
喜劇,10,5,7,12,56,91,70
きゅうくらりん（いよわ）,71,84,78,79
シンデレラボーイ（Saucy+Dog）,75,49,69,47
恋はエクスプロージョン,80
ダーリンダンス（かいりきベア）,100
M八七,15,26
真夏の果実,87,33,17,23,52
はらぺこあおむし,98,73
時代遅れのRocknRoll+Band,4,54
シンカケイスケッチ,14,98
非実在系女子達はどうすりゃいいですか？,43
蒼のキャンバス,66
LAMUの歌,86
アポロ（モノンクルcover）,92
Precious(長瀬麻奈),100
ブレーメン,3,30,82
ナイト・オブ・ナイツ,23,53
MacGuffin(ZOMOZ),30
ヤマダ電機のテーマ,32
夏祭り(Whiteberry),15
新時代,18,1,6,28
逆光（Ado）,26,18,80
左右盲（ヨルシカ）,41,59
風のゆくえ+（ウタの歌+ONE+PIECE+FILM+RED）,43,51,87
飾りじゃないのよ涙は,71
First+Love,75,48,69
タクトホーム,83
ひだまりの詩,85
Free,86
夏の終わりのはーもに―,96,92
花の塔,5,4,15
チノカテ,8
私は最強,10,14,23
Tot+Musica,45
青い珊瑚礁,61
三日月,69
フライディ・チャイナタウン,77
世界のつづき,87
damn,96,11
青春コンプレックス,1,3
Distortion!!,7,5
SOUVENIR,17,97
ひとりぼっち東京,27,10
祝福,36,9
Hurrah!!（にじさんじ）,44
中央フリーウェイ,53
grace,55
ギターと孤独と蒼い惑星,1
KICK+BACK,2
カラカラ,6
"トウキョウ・シャンディ・ランデヴ+feat+花譜,+ツミキ",24
Subtitle,50
幸せなら手をたたこう,52
がんがん+がんこちゃん,56
可愛くてごめん+(feat+かぴ),65
アイウエ,87
裏young+Kz,92
