シャルル,10.78228488338572,0,0,0,0,2.659090909090909,8.16076127347143,7.946003261042815,7.088522176825357,6.1833595616279675,5.42161681474164,4.100393335169034
Country Road,10.59657034193545,0,2.253876306620209,7.34343179258562,7.900571671897007,7.665298132962452,4.90928961117212,3.058123322790701,2.5448678348678353,0,0,0
﻿君の知らない物語,10.442802732862724,7.969268644841233,7.296587903289465,7.015277452717703,6.42248466148804,6.225985185302493,4.485173461555359,4.443183370824668,4.172756671151574,4.763825353261025,4.418090413946794,4.704937081502921
夜に駆ける (YOASOBI),10.34952540416534,0,0,0,0,0,0,0,1.425531914893617,7.166883185079859,7.81728894462428,6.470493731705268
Lemon,10.307183174423352,0,0,0,0,0,0,7.262144051038961,7.732828133843634,5.943519561083142,4.6066450361451,3.4868280055167724
千本桜,10.032649295357926,7.8833978450138895,6.591987917642583,6.250312612904196,4.361236175018789,3.4248360768414363,2.6480891491301515,1.1818181818181819,1.3763019589106547,1.937349996857665,2.0864102794755297,1.9287393894909546
アイネクライネ,9.965515526292238,0,0,5.583825924163213,7.059702617111773,7.450010799462649,6.84036603893648,5.27785009534111,3.9786416440481887,3.3517294509746556,2.582174454144995,2.1400426069734126
チェリー,9.959347022250135,6.768180303878239,7.723757703810012,5.650513350778748,5.329464673537427,5.550056849120537,4.191417552786977,3.618744725474715,3.529014796255123,4.15698244885881,4.518266317399156,4.9477346900823465
ドライフラワー (優里),9.949316891065523,0,0,0,0,0,0,0,0,1.6666666666666665,8.015424302081819,7.474841736404618
丸の内サディスティック,9.892870079942913,6.510551895805533,6.376253084730657,6.197929257111497,6.257227642874498,6.645373758728008,6.364004788276604,6.53572594631766,6.772918492912261,6.912384072912314,7.0185748200701505,7.172684258431873
一般男性脱糞シリーズ,9.75627972900022,0,0,0,0,0,1.938460333516924,3.9552525580997946,7.839990839579373,5.772729757785393,0,0
Pretender,9.631218371606971,0,0,0,0,0,0,0,4.859035844155844,7.370032607290559,5.387203141136601,4.945178518815117
命に嫌われている,9.604837583543357,0,0,0,0,0,0,6.626576860554178,7.700644906449783,3.9715798847535817,1.534260021024727,1.8368298368298368
からくりピエロ,9.434000210958457,7.260052883910191,6.406565546911523,5.46214378895278,5.536362380314766,5.4210439836048945,5.320434593976679,4.652229619575555,4.800686644206074,5.41487182989711,5.454996047207171,5.885397519589591
カントリーロード(簡易アレンジver),9.427472108958105,0,3.409989648033126,7.256278932244475,6.173796307780537,5.14584091313163,4.387973211034888,1.5217500571947593,1.5776120726344163,2.623225582502174,1.1851851851851851,0
もしかしてだけど,9.391906419939529,0,2.9,8.010798495890796,4.468648377934947,1.1904761904761905,0,0,0,0,0,0
紅蓮の弓矢,9.091717232606156,0,7.063885684415585,5.861603904787261,2.226952659895952,0,0,0,0,0,0,0
Country road,8.917700383579835,6.5233274220601425,6.870765755921325,0,0,0,0,0,0,0,0,0
月が綺麗 (岩見拓馬),8.835340271992715,0,0,0,0,0,0,1.4183021716409243,3.6580837617300155,5.949339727620624,6.91196214406119,5.055175011846212
マリーゴールド,8.652002724222097,0,0,0,0,0,0,0,6.34607590148806,6.386553109840317,4.800328900068204,4.501164891919943
シュガーソングとビターステップ,8.604005212847085,0,0,0,6.004138336984755,5.67425570903202,4.356498016539648,2.795824122301293,2.5688291815397686,2.1346883396632843,2.41746838128454,2.534131191014359
恋 (星野源),8.563691318993586,0,0,0,0,3.6363636363636362,6.390839573064135,2.573132132792445,3.0728703843073215,3.7904478490538667,3.2514464866275943,1.7177422723475355
カブトムシ,8.533729066358255,3.682661247165025,5.56016177071231,4.435472696647672,2.355334444602649,2.0565444035491125,2.335781461957593,2.48821673843422,2.9906441589361643,5.725884536690341,5.37396978332424,6.034158136821566
ひといきつきながら ,8.456178723775205,0,0,3.409696882960758,6.908497674699129,4.729537930090592,1.198019801980198,0,0,0,0,0
楓,8.447588810736164,4.898273908391203,6.540025839600187,5.9010987287497665,3.6110199171303163,2.9219398053975025,2.1782645227251605,2.7091965859926583,1.4321322484825003,1.585736029163065,2.260198097040484,2.6048271087165045
だから僕は音楽を辞めた,8.396142695002236,0,0,0,0,0,0,0,6.175033375274725,5.546974042560241,4.332957316634086,3.6764503708040026
天ノ弱,8.395285541666581,6.806377429727862,5.272262294424946,4.4961483459817,3.3179177505474278,2.584786252228583,1.74972548507573,1.9528038209243062,1.6361616161616162,2.75846538914747,2.491438416630433,1.505277494041539
紅蓮華,8.282670961537313,0,0,0,0,0,0,0,0,7.305528376112543,4.272971449666027,1.657225967310001
前前前世,8.126067954282243,0,0,0,0,6.0442066565499015,5.435834369228802,1.513664596273292,0,0,0,0
ハロ／ハワユ,8.111236798909799,5.946381278006839,5.28022465880856,5.455284099647481,5.533165973202418,5.876242751019306,5.287599288272084,4.834512862448065,4.975490839579052,4.719948228249679,3.96868231790227,3.7717575171200766
なんでもないや,8.10402531857708,0,0,0,0,4.227419536984755,5.756667663112518,3.7901870513241387,2.801396439937057,2.4094748072665837,1.9232335311714195,1.196078431372549
ようこそジャパリパークへ,8.02319024943517,0,0,0,0,0,6.681157350560114,3.3396121378002457,4.010764527592153,3.0005608351880277,2.812970923534606,2.62381165403829
秒針を噛む,7.999911029866199,0,0,0,0,0,0,5.052766240855596,5.2043535829399366,4.5525985014453445,3.833657414540566,2.003899711977392
うまぴょい伝説,7.98951424182769,0,0,0,0,0,0,0,0,0,6.846161739675324,4.065884941497979
言って。,7.97710517542772,0,0,0,0,0,3.108,6.497708614398835,4.693172218616072,3.5830055584200853,2.899744127278315,1.9357397316821465
メーベル,7.814671567379768,0,0,0,0,0,4.987930190476191,6.070466091504125,2.78728402507865,1.4492063492063492,0,0
花に亡霊,7.795888068684635,0,0,0,0,0,0,0,0,5.3082571928917766,5.473501551131048,4.445487194034175
花束,7.792208188014115,5.055599107168173,5.5571956052259175,5.710801856605363,3.9843893172207863,2.124246614714262,1.411172161172161,0,0,0,0,0
弱虫モンブラン,7.680470318599082,6.138929548795972,5.183797571455948,4.305533178208501,2.6428292655739263,1.8177681600117834,1.3425324675324677,0,0,0,0,0
打上花火,7.676149675729909,0,0,0,0,0,4.529423809523809,5.562399523539879,3.2558477993663786,1.5454545454545454,1.2222222222222223,0
LOSER,7.614151046021845,0,0,0,0,3.254675669158428,4.284563937625708,5.8222408583845695,4.492661727529368,2.4453378319235712,1.3512508451656524,0
ようこそジャパリパークへ (弾き語りver),7.613122723793942,0,0,0,0,0,6.312311302005261,4.194929556918943,1.4314024390243902,0,0,0
フォニイ (ツミキ),7.581706192369738,0,0,0,0,0,0,0,0,0,4.715884573687182,6.055596107533574
ピエロ（ＫＥＩ）,7.570261722494278,5.268876440232146,5.516322716274232,5.555106569883968,4.155603852643132,3.3832132090365183,2.651175032258159,1.9558617967230865,1.176991150442478,0,0,0
白日 (King Gnu),7.525960193646551,0,0,0,0,0,0,0,4.503125053565649,6.143192949216298,2.9943513518943563,1.948418084470767
ドラマツルギー,7.408370100419464,0,0,0,0,0,3.3681444991789817,5.767735767207722,2.9767172233799126,1.8086334658249552,1.4860856071382387,0
A Whole New World,7.363658454140008,0,2.308239229745803,3.6925289238274233,5.154753978200262,5.537644579318161,1.7231054418025917,0,1.2597402597402598,0,0,0
カタオモイ,7.299125693079327,0,0,0,0,3.1781859070464766,5.1754503750769825,3.5710076524009375,2.759667210642799,3.130832433662702,2.7979084679990005,3.5430796451464426
となりのトトロ  簡単ver,7.297391577797985,3.797873571712832,4.928350931348908,5.641162660703762,4.782677737379811,3.8673578642730657,2.3670052055473025,1.6466316349944854,0,0,0,0
夏色,7.2267439037790915,4.707508784489651,5.411249284503856,3.86700312880568,3.341363309753509,1.5027777777777778,1.9949685452305412,1.5222324506153186,1.170940170940171,0,1.1923076923076923,1.4122826326216158
レディーレ,7.215756858436161,0,0,0,0,0,5.1973380171065084,4.853532077779972,1.7080521627170546,0,0,0
ラプンツェル,7.192006874800751,0,0,0,0,1.6908551269716319,4.340413542643667,5.299068747038441,5.435106661922942,3.220184945901305,1.353846153846154,0
wherever you are,7.115430597566427,2.5621186785665624,4.345458587230042,3.232103816175168,2.8662571159701975,5.788597227599902,2.7166351247917797,0,0,0,0,0
惑星ループ,7.1109737161263755,0,0,0,0,1.2197802197802199,3.0874908495498268,3.0522963154828746,5.854710879788401,3.8784258022824276,0,0
夜明けと蛍,7.023426758418781,0,0,1.2816901408450705,3.6759460417279572,4.571240449748541,4.347589593163175,4.88914423450624,4.508405975137153,4.955311068467731,4.255976699039067,4.067837487956671
灼熱スイッチ,7.010328160727156,0,0,0,0,0,0,2.8181818181818183,5.124196003278821,3.807785609826011,2.8188823931837965,2.7121416137233236
ヒッチコック,6.951839619472491,0,0,0,0,0,0,5.598264817617166,3.6659688893236093,2.4460639151582324,1.521831522774919,0
猫 (DISH),6.937327563502349,0,0,0,0,0,0,0,0,3.9626935572492026,5.504857345547717,3.12079405448003
おなじ話,6.919758992812199,1.8398379398379399,3.0220113084399585,3.8436218645176212,4.882070561057681,5.381463809829179,3.4039325511288534,2.8327599461431827,2.4694546778185846,1.4588100686498855,1.6440677966101696,0
ロキ,6.883580250689558,0,0,0,0,0,0,5.861959288773316,3.459359162736625,1.7312737396838023,1.8018217548186852,0
香水 (瑛人),6.84075862738853,0,0,0,0,0,0,0,0,5.815726373047243,3.143087806634933,0
メルト／初音ミク,6.837042564978058,5.600231391697703,3.7626792738683035,2.26049269265497,2.0449733711326474,1.343568196509373,2.170553350782837,3.1455949498054543,3.061119541167543,3.2777653466138457,3.1943881359676145,3.192468032176932
エイリアンズ,6.820432429061021,0,1.1680672268907564,0,0,0,3.3040190872569912,1.354562574901558,2.129864848738381,4.287323583170425,4.6740211187049,4.258785345064151
さよならミッドナイト(ギターアレンジ ver),6.799587783914316,0,0,1.5565057288181516,4.696714833209947,4.925448761680887,4.859238105451901,4.449008596322926,4.53332931813898,3.9286400368357177,2.089074560443188,1.1818181818181819
ドーナツホール,6.789966575236329,0,2.3806451612903228,5.0772051891930685,4.546170642211209,3.986595594180526,3.5126783407704325,3.1279279756984097,2.554577841138424,1.9608312207019685,1.337727558066541,0
ひまわりの約束,6.73347785534141,0,0,3.3531384615384616,5.118288261927837,3.3093971769089197,2.024468662161617,0,0,0,1.8181037828002877,2.6660963758947025
葛飾ラプソディ,6.6989418056355925,3.7614562960531637,3.2970849726109552,3.9147424836651346,3.3428726488934855,4.243272299095531,3.9344000312663376,3.7400415743836386,4.27320610282891,4.5568394488080735,4.0066005680211365,4.292152752256179
釣りよかでしょう。のテーマ,6.678699275407131,0,0,0,0,0,5.279265430168727,3.9143449487109327,2.1249854213675343,1.3526383526383525,0,0
ガーネット,6.610097383739868,4.625492666323877,3.8719853088936262,2.6958087787278986,3.0982965025142932,1.4882583170254402,1.170940170940171,1.303030303030303,0,1.904692317742357,1.8586084905660378,2.7397458226153875
パプリカ (Foorin),6.5252646278778,0,0,0,0,0,0,1.1785714285714286,5.3475798825193674,3.9238236560244286,0,0
少女レイ,6.517588455796305,0,0,0,0,0,0,2.642276725413863,4.485624956365749,2.6322114768237546,1.7589285714285716,4.431630939069954
3月9日,6.514281757177437,2.1568003307151713,2.696106296140562,1.9170658825779308,1.6666666666666665,2.0301003344481607,2.1836327778682447,1.4444444444444444,1.5128205128205128,1.5,1.625,1.8333333333333335
ミックスナッツ,6.494893610389611,0,0,0,0,0,0,0,0,0,0,6.494893610389611
想像フォレスト,6.44589509715042,5.452651693867857,3.382587386118259,2.5692182252397,0,1.176991150442478,1.5515574215078607,1.1923076923076923,1.2247191011235956,1.709849926019869,1.3990748528174937,1.339712918660287
Just Be Friends,6.409851389170086,5.442763154624985,3.601284647771346,2.95813343079102,2.838874318611378,1.6865624944803264,1.7676321580178462,0,1.350552251486831,1.6632406947890819,0,0
夏祭り,6.3996621392230555,3.54874586041738,3.8622434565434567,2.7470470778699667,2.413191296631789,1.3619763694951665,0,0,0,0,0,0
変わらないもの,6.377795771955552,2.94269689832717,3.5917545342204047,3.7155575761476007,4.547672166312841,3.9398224140865397,2.9558703688311585,2.707257840685437,2.04502886750058,2.255035387173084,2.0907589835247995,2.0442617672786225
花瓶に触れた,6.371173340472819,0,0,0,0,3.083070974908549,5.263084957164105,4.061591823555211,0,0,0,0
カントリーロード（英語ver）,6.355518616471476,2.450721316425121,5.840578728600446,0,0,0,0,0,0,0,0,0
朝を呑む,6.327370003411035,0,0,0,0,0,3.6875511061082973,5.41033728639213,2.2803664867366686,1.1680672268907564,0,0
奏(かなで),6.316523766794191,2.3155327133914128,2.5356233006453754,4.2886044994757135,3.404596515583418,3.20208093925075,3.8474797778054763,3.0570363521276693,2.9650676443976027,4.144044419823062,3.081723920818463,3.7840679263210135
雨とペトラ,6.314579443259164,0,0,0,0,0,4.9584599642705225,4.3155044254593555,0,0,0,0
アイロニ,6.258641084853125,3.3689156107163254,3.3747985396452704,4.046397877922321,4.634204669354935,4.534582256415928,3.696232183281122,2.8749131669292627,2.9508028561848345,2.56876749187916,1.331960335621663,0
Butter-Fly,6.220606474492968,3.3789489529293126,3.7286446720290254,3.2628262439079423,3.271869160037373,3.796933261224037,2.639743364876689,2.4853659155816072,2.9278635015602155,4.186590456550264,3.400008510060672,3.7734807929358785
あわてんぼうのサンタクロース,6.206351905745267,2.165137614678899,2.0432432432432432,2.2083333333333335,1.9894736842105263,2.074315514993481,1.8,1.6666666666666665,1.273972602739726,1.3174603174603174,1.4444444444444444,0
シオカラ節,6.192880755897243,0,0,0,5.291653933163289,2.3003500071357212,0,0,0,0,0,1.7628205128205128
たばこ,6.172844360297635,0,0,0,1.6383928571428572,4.7919630031979965,4.222488394853771,3.664901302107497,3.3746972272535314,2.510881808372565,2.19268360339497,1.9221569333303614
Cry Baby,6.108331274105699,0,0,0,0,0,0,0,0,0,5.115005398842537,3.268550620826996
炎,6.108081537212794,0,0,0,0,0,0,0,0,3.0047045324153756,4.737347641752816,2.0262420531319814
幻の命,6.099273807544199,3.9612221469245315,4.571338831079729,4.104674346541994,1.5506912442396312,0,0,0,0,0,0,0
怪物,6.062029200341292,0,0,0,0,0,0,0,0,0,5.600219631010984,2.623842997020347
DAYBREAK FRONTLINE,6.058241113688371,0,0,0,0,0,0,0,5.830563305534955,1.6759616467307044,1.1785714285714286,0
ふわふわ時間,6.045683743457944,5.015775768571519,3.7663657749380843,3.0372456612596546,2.574785959710916,1.7626392051936475,1.3812408402540304,0,1.2083333333333333,1.8924395968287477,1.9452068341252666,1.8459969107205554
この世の終わりみたいなインスタの投稿,6.040136086045796,0,0,0,0,0,0,2.8533333333333335,5.040517915975296,1.627780218182259,0,0
天体観測,6.034393241274588,2.962133744965536,4.889103612981451,3.8438384575532725,2.997768183001144,3.0267950789032176,1.5216915243857079,0,1.546816521026382,2.114656882336994,1.5771577847439917,2.480217149524386
やさしさに包まれたなら,6.024953880013096,4.415978065787437,3.0989247757229164,1.945508219204938,1.3798151001540833,1.6957456075536854,2.2637108126677408,1.4295623056685005,1.9892149023722734,3.6041695018604982,3.083526056495602,4.030033453983925
secret base ～君がくれたもの～,5.9224806930986045,0,3.331933017535406,3.1901887578768386,3.377359629600275,2.3395745245466606,2.314797793707153,1.8131390689881257,1.4311675379636544,1.3225806451612903,1.2352941176470589,1.6416379181040948
君じゃなきゃダメみたい,5.897407500645181,0,0,3.929138564457515,1.2061855670103092,1.3905993431855501,3.252500309260145,2.8330076180783372,3.1166929919328723,2.033971932953401,1.1941747572815533,0
うっせぇわ (Ado),5.895709373454025,0,0,0,0,0,0,0,0,1.7692307692307692,5.439896849485338,1.3234825438215267
コネクト,5.844638937531991,3.2175922766010276,2.585583285135917,3.0575717696739413,2.3867128696577575,1.4818991654424405,1.4957733758399665,1.6893939393939394,1.1680672268907564,1.9669835024579738,1.1851851851851851,3.145919413919414
栄光の架橋,5.818759573986171,4.567484539729989,4.1885472574994775,2.847856497036201,1.3425324675324677,1.303030303030303,1.202020202020202,0,0,0,0,0
蝶々結び (Aimer),5.742868257260436,0,0,0,0,4.425969767139826,3.372868877509388,1.2105263157894737,0,0,0,0
砂の惑星,5.728152470345959,0,0,0,0,0,4.654569363969364,3.0201360195705536,0,0,0,0
快晴,5.721854960025523,0,0,0,0,0,0,4.3574576754248255,4.582265069642961,1.1754385964912282,0,0
トレモロ,5.719705735783844,4.336490068140474,4.140115497796067,4.193648921331151,2.540420071140744,2.4035250325618156,1.6501209381751254,0,0,0,0,0
カゲロウデイズ,5.700514212418051,4.940473979471786,2.986080508786589,2.600489113954981,1.176991150442478,1.2469135802469136,0,0,0,0,1.1886792452830188,0
冷やし中華 はじめました,5.6963696043157,4.816689344851331,1.4850700894637872,1.3295335233238337,1.1818181818181819,2.6763143321308593,1.949986548291633,0,0,0,0,0
光るなら,5.651728071566587,0,0,3.71,3.582482895571566,1.1694915254237288,0,0,0,0,0,0
シル・ヴ・プレジデント (P丸様。),5.643237052030098,0,0,0,0,0,0,0,0,0,4.427991737899799,3.424012522910978
アスノヨゾラ哨戒班,5.6134435999359065,0,0,0,2.611743068381693,3.3035472475159913,4.125502451921119,3.915709738607584,3.567168710102149,3.343447685336203,2.600330325125096,2.32676750755997
モザイクロール,5.59411825072982,4.888552401989497,2.670702304686231,1.6788880503427153,0,1.1941747572815533,0,0,0,0,1.8524431543299467,0
小さな恋の歌,5.588338636687657,3.1276751492845416,4.720482270207986,3.055110457306019,2.6713743254098077,1.6219853505818418,1.9776109966777409,2.0460652107927757,1.3861855670103091,0,0,0
車輪の唄,5.572652714090011,4.343788047675252,3.3520944847405154,3.289354867646914,2.8578418400054115,3.2267429315331118,2.4313459334929926,1.9829276951836454,1.5915584415584414,2.020716357759044,1.9276340957130942,1.1680672268907564
サンタが町にやってくる,5.5595346430865185,0,1.5882352941176472,2.509090909090909,2.619047619047619,2.2861952861952863,1.4878048780487805,1.2197802197802199,0,1.2127659574468086,1.3448275862068966,0
灰色と青,5.5444869784156685,0,0,0,0,0,3.0093466635666126,4.1756021302821305,1.7168051055473736,0,0,0
プラスティック・ラブ,5.527888246453635,0,0,0,0,0,0,0,1.1680672268907564,2.302330013429512,3.94287118067103,4.357914622355427
南中ソーラン,5.521923800717925,0,0,0,2.329952170005136,3.442550600613142,3.229068632387782,2.0034804753820032,1.2127659574468086,0,0,0
ナンセンス文学,5.520915443476844,0,0,0,0,0,3.20875,3.944650556665803,2.343096312387101,0,0,0
神っぽいな,5.514570324351428,0,0,0,0,0,0,0,0,0,1.6451612903225805,5.217599010366545
残響散歌,5.511435752299232,0,0,0,0,0,0,0,0,0,1.1694915254237288,5.452337711604317
Calc,5.499274704223213,4.344430763145798,3.72770743295102,3.580109975184354,2.821557368661458,3.3626597858474963,2.8460314859533744,2.5010665319573357,1.5865036580670004,2.571177664280587,1.650296833529251,2.2971432622974914
若者のすべて,5.490603046517765,1.9474811987272127,2.859948586778801,1.1680672268907564,0,0,0,1.8006993006993008,2.034090909090909,1.7380952380952381,1.953708598973721,3.209484683757023
ユメヲカケル！,5.472805814483241,0,0,0,0,0,0,0,0,0,5.0094207147166525,2.1714676672691384
花ハ踊レヤいろはにほ,5.452362724328796,0,0,2.886551279798857,0,0,0,2.3806451612903228,2.9782832368325023,2.959305472479766,1.2325581395348837,1.3843843843843844
風になる,5.4379399926559415,3.090816654129657,4.442122789553974,2.8918549916519525,2.7448924437357425,2.0024000842815,0,1.198019801980198,1.2040816326530612,1.2105263157894737,2.126768023152642,2.1925193956043953
ゴーストルール,5.401492965518003,0,0,0,0,4.812906268283303,2.7070711180063163,1.5062541806020067,0,0,0,0
Star!!,5.388495614059007,0,0,0,4.371998652380835,3.2533581116094483,1.4439102564102564,1.6340650180605722,2.07169801928572,2.8403111516407904,1.799959564121068,1.3467171301629093
春泥棒 (ヨルシカ),5.356596525566764,0,0,0,0,0,0,0,0,0,4.573697933410676,2.8760681656197287
残酷な天使のテーゼ,5.313665216268226,3.6139746768483576,3.259825009887451,2.7748282648484777,1.5351061880804409,0,0,0,1.1886792452830188,2.455161057477801,3.0386948149165787,2.145445226574552
メトロノーム,5.3025535014507845,0,0,0,2.5184523809523807,3.9934282379736588,3.318199386645203,2.4511854552856014,1.7740485592954465,1.1724137931034484,0,0
ロストワンの号哭,5.292132256754658,0,3.5494426228347677,4.138246272807895,3.05678141989435,2.037080925958558,0,1.4629319955406912,1.2531645569620253,0,0,0
スパークル,5.289636276125679,0,0,0,0,3.6869583333333336,2.6522503073874453,1.8038120860384288,1.7426646130150174,1.1886792452830188,0,1.170940170940171
glow,5.258275850412983,2.8994648662226403,3.6389532695524944,3.6571484002780155,3.920703147744585,3.713258999950751,3.197731646620551,3.2397855753083102,2.065578758802417,2.5118988070280306,0,0
ロビンソン,5.2571635741180005,2.972305826545774,3.7186026635675353,1.7144795703808986,1.6325336810082574,1.1785714285714286,1.973490527978251,0,1.951685247601763,2.364680517649308,3.05079938148057,3.550458774833256
KING,5.243071947097604,0,0,0,0,0,0,0,0,2.2903474903474903,4.73056586152692,1.2150537634408602
世界は恋に落ちている,5.239166232978875,0,0,4.084695238095238,2.955106767064024,0,0,0,0,0,0,0
あったかいんだからぁ♪,5.201978011367943,0,0,0,5.201978011367943,0,0,0,0,0,0,0
ルージュの伝言,5.192459481527681,1.8951261540398905,4.440960854508747,1.9860398601918643,1.743557643575678,1.5369725125822686,0,0,0,2.0820543756416767,2.2062420018543234,2.3422038070233966
夜空ノムコウ,5.13714512636708,1.674850863422292,2.780506029519424,0,1.4871608878572464,1.5004371842194821,2.049655172413793,0,0,2.3339842819718983,2.4759740708729474,1.9508245920745921
ただ君に晴れ,5.114766025175108,0,0,0,0,0,0,1.8006993006993008,3.7853455205483595,3.6605405593986697,3.098637110247501,2.020621009391827
Day dream biliever,5.0984330592681815,0,1.198019801980198,3.2198741653706793,4.235220722934825,2.211395045632334,1.851638301273046,0,0,0,0,0
心拍数♯0822,5.059887938497289,4.307835680458529,3.0969759918479878,2.3200441840809,2.0916160027793955,0,0,0,0,0,0,1.4895104895104896
バカップル死ね,5.036677443065589,0,0,0,3.4566860763689338,4.012371977567121,1.2040816326530612,0,0,0,0,0
歌うたいのバラッド,5.034009436649309,2.6083801634537336,3.900150694779416,1.4264069264069263,1.1941747572815533,0,1.5741959868059374,1.4004317323259579,1.2380952380952381,1.6639075887392902,2.4710376609323372,2.975883472204546
空も飛べるはず,5.005710955500939,3.4882213738041195,3.306543852495261,2.673025806698961,1.7962998378510138,2.0268803012004564,2.336348004285228,2.631871656109545,1.4918734890323153,2.840292503024634,2.5027449871398164,2.7378871987532465
サリシノハラ,5.005587988839683,2.9485175202156335,3.4278280203325466,1.3389830508474576,0,0,0,1.7367988149713216,0,1.1724137931034484,0,0
M@GIC☆,4.998255592284867,0,0,0,0,0,0,1.8128205128205128,2.908516415654341,3.925482137440658,3.3408449580140194,2.2579141819732427
CHE・R・R・Y,4.993965287005954,2.154761904761905,4.013389185276454,2.020436581175235,1.375,1.4290382819794585,0,0,0,0,0,0
星間飛行,4.918858712886088,2.6227065691338547,1.651572977941131,0,1.4732777262897745,1.648989898989899,1.835011574734881,2.748704316667207,2.164546048554358,2.884384258984948,3.5696281761878303,2.764522421096581
青いベンチ,4.878917591962787,3.666288302229725,3.479474984179825,3.3396678857937965,2.553571434880476,0,0,0,0,0,0,0
Stand by Me,4.876466527397561,2.4880167401120143,3.0625457633727,3.6866539811215775,3.1962547291400347,0,0,0,0,0,0,0
vivi,4.8754186222557445,2.4157249169781467,0,2.8554992917733157,3.380294279693914,3.505632349642051,3.5746941421752845,3.532877169368766,2.609252009076577,1.877641812577874,0,0
ピースサイン,4.87423539442581,0,0,0,0,0,3.4988121413530453,3.5051794510990844,1.8565785748897552,0,0,0
乙女解剖,4.8739568864930805,0,0,0,0,0,0,0,4.474782990818485,2.1862986494506242,0,0
God knows…,4.8591286558502755,3.0049178587630974,2.7629919254574746,2.0196901645005623,1.4562798092209857,1.1754385964912282,2.4810655663845615,2.620053537915812,3.1803112507240745,3.3854125853421233,3.187013987765574,3.2301037793728824
fly me to the moon,4.852796667720561,0,0,1.926189850799607,2.837893923270409,2.5339812267097352,1.196078431372549,0,0,1.3928571428571428,2.9695374628367146,3.845782228646699
ジングルベル,4.8395994124026185,0,1.9090909090909092,1.932867132867133,1.9914529914529915,2.1333333333333333,1.425531914893617,1.425531914893617,0,0,1.2564102564102564,0
ガランド,4.824995770118397,0,0,0,0,0,0,3.417128135993668,3.5133532287958964,2.209815890596745,0,0
Let It Go（日本語版）,4.80875754516787,0,0,4.80875754516787,0,0,0,0,0,0,0,0
はなまるぴっぴはよいこだけ,4.806190450528337,0,0,0,2.9,3.3533215438621444,0,0,0,0,0,0
赤鼻のトナカイ,4.804352372218325,1.1904761904761905,1.932867132867133,1.7964217945242613,1.758602978941962,1.9264972776769511,1.4,1.392156862745098,1.1818181818181819,1.2564102564102564,1.7142857142857144,0
アボカド,4.8028819643368434,0,0,0,0,1.2222222222222223,4.733146276316843,0,0,0,0,0
ダイアトニック,4.7642897127674395,0,0,0,2.8023924352022824,3.644179112017662,3.544518001482862,3.346564538327147,2.3774456582227943,0,0,0
愛のうた,4.751594127202187,0,3.0001169362633826,3.0928855179524257,2.9434807450163305,1.667131282524208,1.727863300492611,1.1869158878504673,0,1.7219679633867275,0,0
ばーか。,4.69584099423399,0,0,0,0,0,0,1.2409638554216866,4.517551880005904,1.3438516590761225,0,0
アウトサイダー,4.6911239928420745,0,0,0,0,0,0,3.986343100957804,2.6199339430972106,0,0,0
雨とカプチーノ,4.684318508516242,0,0,0,0,0,0,0,2.3999444444444444,3.454962412744834,3.197630204323341,2.702362914596592
Snow halation,4.682545641658754,0,0,3.0962250189731204,3.5129904339372606,2.536070544928448,1.7779463396110926,1.2222222222222223,0,1.2,1.3764705882352941,0
ゆるふわ樹海ガール,4.672929868670857,3.9996967346374612,2.858051154106181,2.3815146725403853,1.6414568189873713,1.4135802469135803,0,0,0,0,0,0
恋愛サーキュレーション,4.639656010143199,2.524438288203845,1.6812920317791709,1.3987012987012988,2.0862591378093116,2.1394348445630555,1.7169227858007003,1.2564102564102564,1.948880587161458,3.170574083711191,3.1179910007732032,2.331823051948052
くせのうた,4.631666191086453,2.1801628235614317,2.0342350756202268,2.951014623133736,2.9002609151024057,3.11273908827576,2.2058215348433903,0,0,0,0,0
ギラギラ (Ado),4.621410198009839,0,0,0,0,0,0,0,0,0,3.2569034505853494,3.607516600965032
靴の花火,4.6107108356423385,0,0,0,0,0,3.077501924847839,3.3871082370105956,1.3558663558663557,0,0,0
命ばっかり,4.594827695461273,0,0,0,0,0,1.8158131176999102,3.979522501126585,2.3310897782302447,0,0,0
別の人の彼女になったよ,4.560508585568317,0,0,0,0,0,0,0,3.6815517484278844,3.044707885891355,0,0
プラチナ,4.542695348218519,0,0,0,0,0,1.1818181818181819,1.348829431438127,1.9420648670427074,3.347434335685461,3.4397360849499004,3.039365459636664
二息歩行,4.537695963437006,3.9785754947314267,2.8011021502813818,1.5141254689299113,0,0,0,0,0,0,0,0
心做し,4.518907934049489,0,0,1.358240593534711,3.3662765540392003,3.474601996092371,2.9411919655547862,2.9371511153974836,2.69416943406014,1.956688965837243,1.176991150442478,1.18348623853211
ヴァンパイア (DECO27),4.5116866940084215,0,0,0,0,0,0,0,0,0,3.5958774940497293,2.550930921706873
海の声,4.509767903390902,0,0,0,3.859401113671275,2.1014018691588783,0,0,0,0,0,0
グッバイ宣言 (Chinozo),4.446581379909276,0,0,0,0,0,0,0,0,0,4.218442802038057,1.5888655462184875
エイリアンエイリアン,4.445739332428099,0,0,0,0,3.3369412687799076,3.1378618341592452,1.8767829780733774,0,1.3826561552456034,0,0
吹雪,4.3703720082815725,0,0,0,4.3703720082815725,0,0,0,0,0,0,0
めざせポケモンマスター,4.341927413080099,1.1680672268907564,2.2385685493923284,1.5440108246688506,0,2.4397570850202426,1.1923076923076923,0,2.1466521163504932,1.759737379248249,1.630509631972398,1.7664311031618234
サウダージ,4.338327957373671,0,0,0,0,0,0,0,0,0,2.9568973078204195,3.021298779367691
夜咄ディセイブ,4.3297294547095655,0,3.6546507881091217,2.8013660187647513,1.1724137931034484,0,0,0,0,0,0,0
What a Pastaful World ～なんてスパゲティ世界～,4.301412835561205,0,0,0,1.94568324757004,3.0422642568285956,3.16669088015552,1.6356959706959706,0,0,0,0
Staple stable,4.300902121226832,3.4988480990005297,2.5836097435564134,2.510825552527097,2.236330295601218,2.3986984422310953,1.7067879980324645,0,0,0,0,0
メランコリック,4.297360204005528,3.530807148294821,2.8435956138258462,2.5273300657382634,0,0,0,0,1.2439024390243902,2.2428425140475774,1.3888198757763974,0
季節は次々死んでいく,4.276528296537698,0,0,0,3.9656705449297,1.516215065535383,1.499783044058745,0,0,0,0,0
春を告げる (yama),4.27115577572895,0,0,0,0,0,0,0,0,2.624203495079482,3.495702413318687,1.354112554112554
旅立ちの日に,4.24185761786636,1.6775762936753649,1.7142857142857144,1.4444444444444444,1.3636363636363638,1.2702702702702702,1.3636363636363638,1.2040816326530612,1.4545454545454546,1.3174603174603174,1.392156862745098,1.5714285714285714
女の子になりたい,4.181512264508809,0,0,0,0,0,0,0,2.267120694431619,3.1074175238004607,1.4927584593159298,1.5405405405405406
はじめてのチュウ,4.161113892918704,2.6101647262186396,2.2594474444504473,1.1739130434782608,1.7548581668772245,1.4162084628257232,0,0,1.9110512129380055,2.3608950935047517,1.8237495830137989,1.6760204081632653
三人のおじさん,4.141562687320215,1.579068757329627,2.7431515237562576,3.08984338079724,2.5812991214072016,0,0,0,0,0,0,0
小夜子(簡単コードver),4.117692878463607,0,0,3.2155098156136392,3.106290820224946,2.659385617507258,1.500871218465241,0,1.3512508451656524,0,0,0
クリスマスソング,4.092733505876419,0,0,0,1.434782608695652,1.6714783474365356,1.5864779874213837,1.7142857142857144,1.625,1.4761904761904763,1.606060606060606,0
ハレ晴レユカイ,4.0922897806869205,0,0,0,0,0,1.4968136211614473,1.1724137931034484,1.8109298109298109,2.9804128395284217,2.097444627119616,2.515008445267636
積水ハウス,4.090674708448203,0,0,0,3.6446057848054387,1.9910949548888728,0,0,0,0,0,0
女々しくて,4.049072321623095,1.5,3.7590536083878,0,0,0,0,0,0,0,0,0
あつまれ どうぶつの森 メインテーマ,4.010100527354765,0,0,0,0,0,0,0,0,4.010100527354765,0,0
かくしん的☆めたまるふぉ～ぜっ！,4.008770767432567,0,0,0,3.7727045454545456,1.2197802197802199,1.2,0,0,0,0,0
東京テディベア,4.005860880466864,3.3285050143370136,2.7987097348997834,2.453522402535226,1.3266991006929088,0,0,0,0,0,0,0
Good-bye days,4.003108335584682,3.247340426562181,2.743960931609472,1.7653088749954464,1.5723692715952777,0,0,0,0,0,0,0
Dear birthday,4.001840597100375,0,0,0,1.9706632653061225,2.9330700692175493,2.8161171023986227,2.356602753982828,1.4847682416940162,1.3266991006929088,0,0
一番の宝物,3.9960312098537183,3.1137294857589066,2.7180370170387294,3.1197260169803473,2.053919767763551,1.1886792452830188,1.1694915254237288,0,0,0,0,0
藍二乗,3.993990606872048,0,0,0,0,0,0,0,3.9164289474125886,1.1801801801801801,0,0
テレキャスタービーボーイ,3.9869549466510326,0,0,0,0,0,0,0,0,2.4037523466046036,3.1866372989582263,1.3864468864468864
恋人ができたんだ,3.981488685842373,0,0,0,0,1.6944444444444444,3.7308569685018957,0,0,0,0,0
サマータイムレコード,3.9813852921327526,0,2.1480981108882706,2.703614105264014,1.4098850574712642,1.4128525196486361,1.1869158878504673,1.2083333333333333,1.3290854572713644,1.5242165242165242,1.7008098430778844,1.59958071278826
グリコ カフェオーレ CMソング,3.972676967622911,0,0,1.4963648380700594,3.0139557901146197,2.8557545696305526,0,0,0,0,0,0
いのちの名前,3.966898282049667,0,0,0,0,1.355944055944056,1.7375718825079438,1.3924103419516265,2.300588778527678,2.6315919651259607,2.6340878591256303,2.5267601657376155
喜劇,3.9588643143274678,0,0,0,0,0,0,0,0,0,0,3.9588643143274678
感電 (米津玄師),3.956029833936165,0,0,0,0,0,0,0,0,2.724958323410336,2.688712634466158,0
太陽曰く燃えよカオス,3.9416830758944856,3.6978519388954174,1.4051724137931034,0,0,0,0,0,0,0,0,0
Dont Say lazy,3.9340700593207703,3.4071616685857595,2.0308321080576044,2.0906228749245193,1.7891916544699713,0,0,0,0,0,0,0
115万キロのフィルム,3.932522584899023,0,0,0,0,0,0,0,1.4143763213530656,3.133161792958855,2.1442756724643663,2.5073394356993206
地球最後の告白を,3.9101092021432575,1.3174603174603174,0,0,0,1.1886792452830188,0,0,1.5614385614385613,2.1531263416278517,2.6486049937672487,2.9264141827705332
いつか (Saucy Dog),3.9034221897765593,0,0,0,0,0,0,3.9034221897765593,0,0,0,0
POPPY PAPPY DAY,3.8930303030303026,0,0,0,0,0,0,3.8930303030303026,0,0,0,0
お願いマッスル,3.8697953893028503,0,0,0,0,0,0,0,3.773169752939214,1.1818181818181819,0,0
スノースマイル,3.827003963242432,1.6930829134218965,2.067754271257189,1.4925000000000002,1.4775036284470247,1.3779035721257076,1.2439024390243902,1.42781875658588,1.2857142857142856,1.5755968169761272,1.486178861788618,0
うちで踊ろう,3.820968126532378,0,0,0,0,0,0,0,0,3.112727272727273,1.9402432575356954,0
ずっと好きだった,3.8203960863227335,2.8839256234318063,3.111000521123655,1.2816901408450705,0,0,0,0,0,0,0,0
どんなときも。,3.819302439619229,1.6110191208357973,0,0,0,0,0,0,0,1.7032519054133282,0,3.264318324394022
1925,3.8138341817210906,3.451204692845832,2.1064078286375727,0,0,0,1.2127659574468086,0,0,1.1869158878504673,0,0
あたりまえ体操,3.7969194343479424,3.161572057106941,2.075966362243224,0,0,0,0,0,0,0,0,0
雪の華,3.7880403183849016,0,0,0,0,0,0,0,0,1.9883018168335187,2.5357262759384263,1.9653602843360714
from Y to Y,3.7842210195690384,2.8567438091574906,2.401484513457722,2.811978716241447,1.5151448782075947,1.612708719851577,1.3593123719604525,0,1.2247191011235956,1.4116959064327486,1.4397402597402598,0
Let It Be,3.7781655313262386,0,2.5869345670236443,2.523247932587243,1.170940170940171,0,1.202020202020202,0,0,1.170940170940171,0,0
いかないで,3.7628043594479856,0,0,1.2127659574468086,1.5649369130884254,2.141371744692403,1.8397826086956521,2.2433918659012866,1.797194196210277,1.25,1.4431578947368422,0
タイトル (おいでよ どうぶつの森),3.760677323476124,0,0,0,0,0,1.7495291902071564,0,1.5067951480704265,2.971529411764706,0,0
Everything (MISIA),3.753668462613325,0,0,0,0,0,0,0,0,1.6216916749525445,3.015028956803249,2.6972441022441895
my song,3.745120637897666,3.3035110687709044,2.547301014621073,0,0,0,0,0,0,0,0,0
YOU,3.730405048463887,0,0,1.3605319913731129,2.7895546448838973,2.909787401887768,1.3502024291497976,0,0,0,0,0
My Song,3.725701157515504,0,1.7236586942469296,3.214881488131632,2.3459058532618107,0,0,0,0,0,0,0
妄想感傷代償連盟,3.704842182489353,0,0,0,0,0,1.9343891402714932,2.5700849193103057,2.1991808887849458,1.5096870342771982,0,0
セプテンバーさん,3.698638178011508,0,0,0,1.2298850574712643,1.5,1.8460655345611099,1.6896551724137931,1.2816901408450705,1.4,1.4651162790697674,1.1680672268907564
ぼくのフレンド,3.668833444816054,0,0,0,0,0,3.668833444816054,0,0,0,0,0
海の見える街,3.6640378324430225,0,0,0,0,2.939050776433401,1.931843582504452,1.1818181818181819,1.198019801980198,2.1551878593548786,1.6710132713445465,1.7670187458369018
深海少女,3.6511076830993052,3.111894579918776,2.324425330558621,1.8010632159059194,1.1869158878504673,1.1869158878504673,0,0,0,1.703230145813266,0,0
きらり 藤井風,3.6423905250024275,0,0,0,0,0,0,0,0,0,1.176991150442478,3.58067752675464
ひこうき雲(荒井由実),3.637221337521785,0,2.9944596943673067,0,0,0,0,0,0,0,1.1886792452830188,1.9905290803357574
STAY TUNE,3.6329948649377397,0,0,0,0,2.4696808510638295,2.497430875576037,0,0,0,0,0
unravel,3.6248001203412734,0,0,0,1.340762041696621,3.4585165942088008,1.1680672268907564,0,0,0,0,0
ハナミズキ,3.6242711548844544,1.54251012145749,2.6263839379941425,0,0,0,0,0,0,1.2597402597402598,1.5335191771604344,2.0617516639683395
ないものねだり,3.6179798948235864,0,2.507508956060951,1.7126590572501383,2.3426972610363466,0,0,0,0,0,0,0
ワルツ,3.612048006838544,0,0,0,1.4910719943671888,2.077133717404065,2.931372760330759,2.604241029065946,0,1.592190231744969,0,0
ベイビー・アイラブユー,3.607551854811333,0,3.0112285459752464,2.454343054503713,1.1680672268907564,0,0,0,0,0,0,0
ちゅ～るしよ!,3.6064689912705914,0,0,0,0,0,0,0,1.303030303030303,1.9197037037037037,2.5666150108307475,1.7960892909990276
人類みなセンパイ！,3.601039014840944,0,0,0,0,0,0,1.2469135802469136,3.3156008232827694,1.4604715672676838,0,0
春よ、来い,3.5900446292874277,0,1.711888111888112,1.4461496300356262,0,1.5592920353982302,0,0,0,0,0,2.398976982097187
"rain stops, good-bye",3.5720428054668507,2.3133066055271883,1.6797554243425803,2.0066208995823915,2.555215068126132,1.8221476781504986,2.432832796289722,2.3368242137808153,1.905258229701891,2.138545576468104,1.3941997851772288,1.928508029177877
卒業写真,3.5497822592655273,0,0,0,0,0,0,0,0,1.675203578864906,1.6124530945114324,3.1228090402495914
赤いスイートピー,3.5465853527213183,0,0,0,0,1.2439024390243902,0,0,0,1.5747191011235955,2.2430253978445545,2.8158690474850907
如月アテンション,3.5432793400605207,2.7711596770988574,1.9984637529863187,1.482311320754717,0,0,0,0,0,1.3333333333333333,0,0
ウミユリ海底譚,3.527834173265178,0,0,0,1.3686868686868687,2.864853197231663,2.45550493298101,1.9120531658139857,1.8153663513969984,1.1785714285714286,0,0
U＆I,3.5273381637669026,3.047597516421597,2.1042632876580387,1.4006207737501386,1.25,0,1.2127659574468086,0,0,0,0,0
おジャ魔女カーニバル!! おジャ魔女どれみ,3.5227948651114023,1.170940170940171,0,0,0,0,0,0,0,2.6545124605124606,2.211323985654572,0
アンパンマンのマーチ,3.517431819620867,2.7660562642971613,2.833897425136401,1.4433471933471935,0,0,0,0,0,0,0,1.1941747572815533
歩いて帰ろう,3.4935779809888774,1.8655366843371908,2.1939278003989835,1.8543350506760143,1.4963648380700594,1.2597402597402598,0,0,0,0,0,0
ベテルギウス,3.4913213188547676,0,0,0,0,0,0,0,0,0,1.5512820512820513,3.2150838163501336
廻廻奇譚 (Eve),3.4890591237798243,0,0,0,0,0,0,0,0,1.3278688524590163,3.2208969667691045,1.2439024390243902
クリスマス・イブ,3.4816502208141316,0,0,0,0,0,0,1.3125,1.3333333333333333,1.6451612903225805,2.1666666666666665,1.4444444444444444
新時代,3.4680506037952847,0,0,0,0,0,0,0,0,0,0,3.4680506037952847
夢灯籠 (RADWIMPS),3.4607342186204004,0,0,0,0,3.24561946452204,1.3278688524590163,0,0,0,0,0
リメンバー・ミー,3.4558815650653845,0,0,0,0,0,0,3.2761001534528154,0,1.3726884779516357,0,0
ローリンガール,3.4552578226877317,2.745985017211831,1.5835576114381833,0,0,0,0,0,1.6666666666666665,1.1851851851851851,0,0
攻撃戦だ,3.4501908655126314,0,0,0,0,0,0,0,3.1850341184809525,1.6053606036656884,0,0
Mela!,3.435282700991955,0,0,0,0,0,0,0,0,1.2298850574712643,2.2453884972564078,2.6501246350985337
らしさ,3.4169936856247203,0,0,3.1660714285714286,1.3824451410658307,0,0,0,0,0,0,0
魔法の絨毯 (川崎鷹也),3.4120798808235007,0,0,0,0,0,0,0,0,1.1680672268907564,2.930772006132918,2.0498522176022176
痛いよ,3.3875731958789377,0,1.7350691423943367,2.676550154050097,2.05882682710564,1.9872864608684082,0,0,0,0,0,0
君をのせて,3.379901308328526,1.3864468864468864,1.66324200913242,0,0,1.2272727272727273,1.1869158878504673,0,1.2597402597402598,1.343437626980902,1.5363169479090242,2.234765579842988
阿修羅ちゃん,3.3765156153090192,0,0,0,0,0,0,0,0,0,2.3,2.3190754310864032
ふたりごと,3.3758025441898867,2.7608196592923573,2.5792562957102385,2.2599475053091815,0,1.2150537634408602,0,0,0,0,0,0
GIRLS LEGEND U,3.371461791869857,0,0,0,0,0,0,0,0,0,3.371461791869857,0
BABY BABY,3.3617945455657345,0,1.3247863247863247,2.649687512346813,2.1793980529274646,0,0,0,0,0,0,0
お気に召すまま (Eve),3.359077556563977,0,0,0,0,0,1.2564102564102564,3.236073180711981,0,0,0,0
UNION,3.3589595502553142,0,0,0,0,0,0,2.3614303959131546,2.1148468580273168,1.176991150442478,0,0
ヴィラン (てにをは),3.3457951123294514,0,0,0,0,0,0,0,0,2.0322820037105753,2.694634786985281,1.1680672268907564
風に吹かれて,3.340416898373807,0,1.6833916280376457,1.3277591973244147,1.5957647028599689,2.4539543576627976,0,0,0,0,0,0
SUN,3.327856740172958,0,0,0,0,3.038778059134083,1.2816901408450705,0,0,1.1818181818181819,1.2247191011235956,0
me me she,3.3224139622692905,2.7240065996635896,1.9267344564011002,1.1754385964912282,0,1.6465026479256188,1.3846153846153846,0,0,0,0,0
雨き声残響,3.31813771034167,0,0,0,0,1.343980343980344,2.5776847118007273,2.2511422555142224,2.3398148578536375,1.3734709480122325,0,0
またねがあれば,3.31732814804398,0,0,0,0,0,0,1.8050708508065454,3.0792199528854427,0,0,0
オレンジ(トーマ),3.3007304662850916,0,1.6556279740811988,1.9992297328555846,2.5283467213543265,2.089635290643047,1.3427782739303402,0,0,0,0,0
お後がよろしくって・・・よ！,3.282395929694727,3.282395929694727,0,0,0,0,0,0,0,0,0,0
右に曲ガール,3.279917863327258,0,0,0,1.2222222222222223,2.4603530071421735,2.0734541742989334,1.7906279908681073,1.534058024404482,1.2105263157894737,0,0
サリシノハラ (簡単コードVer),3.2733581107005723,0,1.1754385964912282,2.781522221014995,2.13889404218817,0,0,0,0,0,0,0
花瓶の花,3.267038961038961,0,0,0,0,3.267038961038961,0,0,0,0,0,0
愛にできることはまだあるかい,3.238564373286055,0,0,0,0,0,0,0,3.238564373286055,0,0,0
しわ,3.237182675427821,0,1.2127659574468086,2.69089038184282,2.3208733506755035,0,0,0,0,0,0,0
はなれ、ばなれ,3.2261609648221143,0,0,0,0,1.1869158878504673,2.1077563168492546,2.483058714942999,2.308364528482355,1.1818181818181819,1.176991150442478,0
天使にふれたよ！,3.2216900584996053,2.8579639072519862,1.8116675361950425,0,0,0,0,0,0,0,1.1694915254237288,0
アヤノの幸福理論,3.214167619387745,0,2.4719071471685,2.385099095787683,0,0,0,0,0,0,0,0
フィクサー,3.2088868141754583,0,0,0,0,0,1.5576418523786946,2.4306395760405746,2.4886206894860243,1.7146296025715955,0,0
Dear,3.1958625379692664,2.9790089068635712,1.6570736690438204,0,1.1680672268907564,0,0,0,0,0,0,0
命にふさわしい,3.157252501257284,0,0,0,0,0,3.157252501257284,0,0,0,0,0
ハイドアンド・シーク,3.139943406775243,0,0,0,0,2.2028748724456992,1.9720884230536109,2.2330662954608833,1.9512608058137018,0,0,0
愛を伝えたいだとか,3.1136317319134346,0,0,0,0,0,0,2.1901038572309273,2.4017627485519886,1.18348623853211,1.1869158878504673,1.1724137931034484
さんさーら！,3.1135748797432194,0,0,0,0,0,0,0,0,0,2.970304169091377,1.2816901408450705
THANX,3.1085862203766865,0,0,0,1.2127659574468086,3.003348795618466,0,0,0,0,0,0
オー・シャンゼリゼ,3.100395708478176,0,0,0,0,0,0,2.101687693710871,2.214983177968588,1.339712918660287,0,0
ヒバナ,3.0975033300743027,0,0,0,0,0,1.7414965986394557,2.0196431637912275,1.962173942415124,0,1.3651376146788992,0
花の塔,3.0960358056265984,0,0,0,0,0,0,0,0,0,0,3.0960358056265984
群青日和,3.0957071178702273,2.224291157805595,0,0,0,0,1.1754385964912282,0,0,2.239509030250159,1.3883333333333334,0
接吻,3.082801987894953,0,0,0,0,0,0,0,0,0,1.2325581395348837,2.996521722125462
何なんw,3.0815081975683616,0,0,0,0,0,0,0,0,0,2.7673123594314517,1.793720427503854
希望の唄,3.069051878354204,0,0,0,3.069051878354204,0,0,0,0,0,0,0
メリュー,3.066986025046774,0,0,0,1.9148855246476248,1.8468793929831278,1.8423146007006643,1.6846112269703406,1.1801801801801801,0,0,0
Make Debut!,3.064649044580918,0,0,0,0,0,0,0,0,0,3.064649044580918,0
海の幽霊,3.0477357536248175,0,0,0,0,0,0,0,3.0477357536248175,0,0,0
栞 (Radio Bestsellers),3.0457929577572904,0,0,0,0,0,0,3.0457929577572904,0,0,0,0
アイコトバ 井上緑,3.0325346724875204,0,0,0,0,0,1.7217155223293332,2.3271421007946405,1.9370178899026613,1.3864042933810374,0,0
BUMP OF CHICKENのテーマ,3.0245548654244305,0,0,0,0,3.0245548654244305,0,0,0,0,0,0
All I Want for Christmas Is You,3.014279957631792,1.2083333333333333,1.4651162790697674,1.4761904761904763,1.2666666666666666,1.2061855670103092,0,0,0,1.3773584905660377,1.526315789473684,0
ヒトツメノ恋,3.005678060828033,0,0,0,0,0,2.874774773740603,1.336028611413466,0,0,0,0
あたしを彼女にしたいなら,2.9997236465843677,0,0,0,0,0,2.9997236465843677,0,0,0,0,0
君はロックを聴かない,2.999279430722605,0,0,0,0,0,0,0,2.999279430722605,0,0,0
チルドレンレコード,2.9877128354292415,1.8777190039018736,2.518188629165709,1.8454848630297582,0,0,0,0,0,0,0,0
テレキャスター・ストライプ,2.9873251042099453,0,0,0,0,0,2.9873251042099453,0,0,0,0,0
白い恋人達,2.98227530064906,1.4081632653061225,1.2150537634408602,0,0,0,0,0,1.1754385964912282,1.2439024390243902,1.6666666666666665,1.625
間違っちゃいない,2.980278297004019,0,0,0,0,0,0,0,0,2.980278297004019,0,0
夢花火,2.9659283535073717,0,0,0,1.9541952393781459,2.5340510129717506,0,0,0,0,0,0
Rain,2.9582787623589137,0,1.7493189718706843,1.1739130434782608,0,1.2352941176470589,0,1.2127659574468086,1.2409638554216866,1.8475670103092785,1.4231884057971014,0
悪魔の踊り方,2.952373719643757,0,0,0,0,0,0,1.1886792452830188,2.52158839214249,1.6532721010332951,0,0
雨(petrolz),2.9439601607123493,0,0,0,1.9315132427672062,2.544770998076171,0,0,0,0,0,0
Cagayake!GIRL,2.937412277002249,2.795752127305926,1.4958492487904254,0,0,0,0,0,0,0,0,0
ブリキノダンス,2.935695420072487,0,0,0,1.5586745964316058,2.6763063010048684,1.1801801801801801,1.1680672268907564,0,0,0,0
有心論,2.9341735264907762,1.2985074626865671,1.6226647037173354,1.9025177346278457,0,1.9796152784547987,1.3627344877344878,0,0,0,0,0
talking,2.9325627705627704,0,0,0,2.9325627705627704,0,0,0,0,0,0,0
全力少年,2.930233918160238,0,1.8810821889731502,1.4592552617377226,0,0,0,0,0,2.119698785963266,0,0
群青（YOASOBI）,2.9137682795200557,0,0,0,0,0,0,0,0,0,2.681697053819936,1.4889705882352942
君の知らない物語（難コードVer） ,2.8937418976159197,2.2559898376268244,1.170940170940171,0,0,0,0,0,0,0,1.3851674641148324,1.7470561491248011
ファントムヴァイブレーション,2.88174265579509,0,0,1.690221509656494,2.57394945817832,0,0,0,0,0,0,0
怪獣の花唄（Vaundy）,2.8729495555993605,0,0,0,0,0,0,0,0,0,0,2.8729495555993605
レド,2.868735119939338,0,0,0,0,0,0,2.868735119939338,0,0,0,0
ドラマみたいだ,2.8621587272629587,0,0,0,0,2.8621587272629587,0,0,0,0,0,0
魔法,2.837521632417385,0,0,0,0,1.2127659574468086,1.336445689386866,1.9664630459714518,1.972724685850686,1.4461496300356262,0,0
帝国少女,2.836367029986568,0,0,0,0,0,0,1.940732661586443,2.4007060479711595,0,0,0
完全感覚Dreamer,2.8228417359450644,0,1.2127659574468086,2.000938263377173,2.1699154919557726,1.1785714285714286,0,0,0,0,0,0
青春コンプレックス,2.8181818181818183,0,0,0,0,0,0,0,0,0,0,2.8181818181818183
ウェイウェイ大学生,2.815243119070198,0,0,0,0,2.31643801438101,1.8077758356214448,0,0,0,0,0
好きよ 好きよ 好きよ,2.8095238095238093,0,0,0,0,2.8095238095238093,0,0,0,0,0,0
Booo!,2.802312466573623,0,0,0,0,0,0,0,1.434782608695652,2.5194776198644124,0,0
Just Be Friends 【2】,2.8008029814280597,2.6633699109290996,1.4842860651998455,0,0,0,0,0,0,0,0,0
六つ子に生まれたよ,2.789356884057971,0,0,0,1.8695652173913042,2.0219907407407405,0,0,0,0,0,0
パンダヒーロー,2.7884866625392477,2.6903091369989998,1.345899470899471,0,0,0,0,0,0,0,0,0
いいんですか,2.7805634343642947,2.0842982749293455,2.236488385497192,0,0,1.1801801801801801,0,0,0,0,0,0
ドラえもん (星野源),2.759047619047619,0,0,0,0,0,0,2.5476190476190474,1.2857142857142856,0,0,0
桜ノ雨,2.751193659529444,1.9824623153875751,1.784671201814059,1.2083333333333333,0,1.273972602739726,0,0,0,0,0,0
ソーダ (sumika),2.7484242385695814,0,0,0,0,2.3795849095495845,1.8268591158463292,0,0,0,0,0
タッタ,2.743361647361647,0,0,0,0,0,2.743361647361647,0,0,0,0,0
TKGのうた,2.7379453085992256,0,0,2.7379453085992256,0,0,0,0,0,0,0,0
SWEET MEMORIES,2.7293112458068984,0,0,0,0,0,0,0,0,0,1.8464715414948594,2.3182318814285323
SUMMER PARADISE feat Taka from ONE OK ROCK,2.7276147387456238,0,0,1.6240106323952568,2.003218638806874,1.610280225450504,0,0,0,0,0,0
少年時代,2.727542675295627,0,0,1.2040816326530612,0,0,0,0,0,0,1.8960867945613709,1.9508670790057183
バレリーコ,2.724386265841048,0,0,0,1.2105263157894737,1.5425876380599575,1.500437907956705,1.8613631521839507,1.5309251389342924,1.353021978021978,0,0
ダラク,2.722495722025881,0,0,0,1.6395339610973034,2.407886326270107,0,0,0,0,0,0
いーあるふぁんくらぶ,2.722452025201685,2.120414757656137,1.9102711110153274,0,0,0,0,0,0,0,0,0
恋愛裁判,2.720204712974048,0,0,1.25,0,1.1724137931034484,1.5535991531404376,1.5376022894960426,1.303030303030303,1.4734299516908211,1.1680672268907564,1.202020202020202
雪だるまつくろう,2.716869231397533,0,0,2.716869231397533,0,0,0,0,0,0,0,0
500マイル,2.715138973047413,0,0,0,0,2.715138973047413,0,0,0,0,0,0
マトリョシカ,2.704383867338958,2.637587231304475,1.1724137931034484,0,0,0,0,0,0,0,0,0
バイ・マイ・サイ,2.7010556576705547,0,0,0,1.7120279178228175,2.275125368990001,0,0,0,0,0,0
独りんぼエンヴィー,2.69918307400307,1.196078431372549,1.9549292697847451,1.5132188200149366,1.6510131482483847,0,1.3526383526383525,0,0,0,0,0
夜行 (ヨルシカ),2.6651030965120848,0,0,0,0,0,0,0,0,2.3842175558244003,1.642197467280075,0
mix juiceのいうとおり,2.6557505175983436,0,0,0,0,2.6557505175983436,0,0,0,0,0,0
SAKURAスキップ,2.6511881448240113,0,0,0,0,2.6511881448240113,0,0,0,0,0,0
secret base 〜君がくれたもの〜 (10 years after Ver),2.6508328719916463,2.369040049120478,1.619474763404825,0,0,0,0,0,0,0,0,0
ふるさと,2.647436426669352,0,0,1.7405336812144214,2.217596370648975,1.1694915254237288,0,0,0,0,0,0
真夏の果実,2.6248100111716908,0,0,0,0,0,0,0,0,0,0,2.6248100111716908
脳裏上のクラッカー,2.6230929725869894,0,0,0,0,0,0,2.155817711700065,1.6409811534800065,0,0,0
Fire◎Flower,2.622247540500934,2.2086359509841627,1.170940170940171,0,0,0,0,1.1886792452830188,0,0,1.3703703703703702,0
私は最強,2.6208240035826242,0,0,0,0,0,0,0,0,0,0,2.6208240035826242
ウィーアー！,2.611737953290005,1.8631480062223424,1.2040816326530612,0,0,0,0,0,0,0,0,1.8068181818181819
新しい世界（アラジン）,2.605841396903589,0,0,0,0,0,0,0,2.605841396903589,0,0,0
ライオン,2.6052493333087168,1.2409638554216866,0,1.1739130434782608,0,1.18348623853211,0,0,1.1851851851851851,1.3567927170868348,1.9070534633295262,1.4663735928645847
町かどタンジェント,2.6047281156511612,0,0,0,0,0,0,0,2.453900529444265,0,0,1.2298850574712643
BIG UP,2.595547525979616,0,0,0,2.0560191077871197,1.7194337194337195,0,0,0,0,0,0
そばかす,2.5919892195845793,0,0,0,0,0,1.2564102564102564,1.481962481962482,1.4841628959276019,1.5635585268590195,0,1.4267942583732056
Lost my music,2.591039913758679,0,0,0,0,0,0,1.1785714285714286,1.2150537634408602,2.2997474207579134,1.3430799220272904,0
トリノコシティ,2.5865550146866116,2.0209681981203147,1.5262199350847505,0,0,1.2040816326530612,0,1.3710407239819005,0,0,1.1904761904761905,0
我ら思う、故に我ら在り,2.5849210987726474,0,0,0,2.5849210987726474,0,0,0,0,0,0,0
乾涸びたバスひとつ,2.5822696619496903,0,0,0,0,2.260838388346616,1.7834116305309742,0,0,0,0,0
思想犯,2.5772111601304895,0,0,0,0,0,0,0,0,2.464730776265818,1.1886792452830188,0
キリトリセン,2.576582512523072,1.9149811767226415,1.3851005124162397,1.640764821848094,1.2083333333333333,0,0,0,0,1.1680672268907564,0,0
オトモダチフィルム,2.576180102069073,0,0,0,0,0,0,2.143637283054847,1.3350931677018634,1.381720430107527,0,0
宝島,2.5753694997918988,0,0,0,0,0,0,0,0,0,2.036264039728789,1.9560375576049405
青空のラプソディ,2.5686212208895727,0,0,0,0,0,0,1.1754385964912282,0,0,2.346810267831251,1.1801801801801801
あいつら全員同窓会,2.552778700135561,0,0,0,0,0,0,0,0,0,2.552778700135561,0
白金ディスコ,2.548257096940479,2.4261997022486494,0,0,0,0,1.18348623853211,0,0,0,0,0
PUNCH☆MIND☆HAPPINESS,2.546501828930791,0,0,0,0,1.2247191011235956,0,2.0852713178294575,1.2298850574712643,1.1694915254237288,0,0
ヨナヨナ~Yokr of Night~,2.5435488586233004,0,0,0,0,0,2.41638339992429,0,0,1.2247191011235956,0,0
にじのむこうに,2.543387706872884,0,0,0,0,0,2.2946204978800213,1.170940170940171,1.3814102564102564,0,0,0
地獄の沙汰も君次第,2.533026113671275,0,0,2.533026113671275,0,0,0,0,0,0,0,0
水平線 (back number),2.5329517395943535,0,0,0,0,0,0,0,0,0,0,2.5329517395943535
Distortion!!,2.5256410256410255,0,0,0,0,0,0,0,0,0,0,2.5256410256410255
オリオンをなぞる,2.5238919283244146,0,0,1.5518555907565974,1.5700155097508746,0,0,0,0,0,0,1.7205405405405405
ダーリンダーリン,2.522416735668736,0,0,0,0,0,2.133844233345512,1.5912660344160443,0,0,0,0
LEO(tacica),2.5149797570850203,0,0,2.5149797570850203,0,0,0,0,0,0,0,0
青空Jumping Heart,2.50784520123839,0,0,0,0,2.50784520123839,0,0,0,0,0,0
なごり雪,2.5069243510521093,1.8223540123085962,1.367831122734915,0,0,0,1.5511363636363638,0,1.1923076923076923,0,0,0
ふ・れ・ん・ど・し・た・い,2.501728905132687,0,0,0,2.501728905132687,0,0,0,0,0,0,0
名探偵コナン メイン・テーマ,2.4944161294844847,0,0,0,0,0,1.1754385964912282,0,0,1.3443223443223444,1.9801215217249086,1.4439102564102564
うれしいひな祭り,2.4895537673562753,0,0,0,1.3694483734087695,1.7408963585434174,1.6180124223602483,0,0,0,0,0
もう恋なんてしない,2.487011690395538,0,0,0,0,0,0,0,0,0,1.2531645569620253,2.3024547283702215
贖罪 (傘村トータ),2.477980229770365,0,0,0,0,0,0,0,2.3006559054460407,1.2702702702702702,0,0
デリヘル呼んだら君が来た,2.463783899511276,0,0,0,0,0,0,0,2.128436892909969,1.5953007518796993,0,0
ゆけ！けけライダー,2.460958608539075,0,0,0,0,0,1.303030303030303,0,0,2.2400495176299837,0,0
Whatever,2.4448446603255185,0,1.35744607121199,2.1061423014891996,1.381942381942382,0,0,0,0,0,0,0
"Hello,Worker",2.4437308749202824,2.2969869852822518,1.340894465894466,0,0,0,0,0,0,0,0,0
ダンデライオン,2.4399680494984004,1.2941176470588236,2.273167113821753,0,0,0,0,0,0,0,0,0
ブレーメン,2.43683388747038,0,0,0,0,0,0,0,0,0,0,2.43683388747038
ロスタイムメモリー,2.435531697122409,0,1.5715225119956244,2.079161666910557,0,0,0,0,0,0,0,0
ノーチラス,2.418623838790076,0,0,0,0,0,0,0,1.9711538461538463,0,1.4077892325315005,1.1785714285714286
POP TEAM EPIC,2.4164882490463886,0,0,0,0,0,0,2.4164882490463886,0,0,0,0
さよならまたね,2.415954967889128,0,0,0,0,1.9270627886925453,1.3617868199911545,0,1.1851851851851851,1.5083490579731182,0,0
HANABI,2.4137912589850767,1.9193966905146937,0,0,0,0,1.669079939668175,0,0,0,0,0
夜もすがら君想ふ,2.4085463045380826,0,0,0,0,0,1.730597927926793,1.6071847507331378,1.2,1.3734487734487735,0,0
春に一番近い街,2.4037435153082214,1.9787212787212787,1.1680672268907564,0,1.4395604395604396,0,0,0,0,0,0,0
生きていたんだよな,2.3863411588411587,0,0,0,0,1.9714285714285713,1.5122377622377623,0,0,0,0,0
ユメ語るよりユメ歌おう,2.3836124401913876,0,0,0,0,2.3836124401913876,0,0,0,0,0,0
幸せチャンピオン,2.3819783768505105,0,0,0,0,0,0,0,0,0,0,2.3819783768505105
はじめてのかくめい！,2.378107866906162,0,0,0,0,0,0,0,1.7535211267605635,1.6050602581618711,1.2222222222222223,0
ray,2.378032371673111,0,0,2.2453453654960356,0,1.2380952380952381,0,0,0,0,0,0
愛してるばんざーい！,2.3774629232207305,0,0,1.981616329754969,1.542999442339865,0,0,0,0,0,0,0
みんなのきもち,2.363611327333066,0,0,0,0,2.0091128084606344,1.4706959706959708,0,0,0,0,0
鱗 秦基博,2.361339375438979,0,0,0,0,0,1.3861855670103091,0,0,0,2.045820937062971,1.1754385964912282
君の神様になりたい。,2.3554310302845174,0,0,0,0,0,0,1.9754019725458005,1.64187116988157,0,0,0
ようかい体操第一,2.338259519919893,0,0,2.1444859048289153,1.2816901408450705,0,0,0,0,0,0,0
さよならミッドナイト,2.333819375725752,0,0,2.259600891242993,1.1724137931034484,0,0,0,0,0,0,0
ILLEXECUTION,2.333589948210009,0,0,0,0,0,0,0,0,0,0,2.333589948210009
海色,2.3313121693121692,0,0,0,2.3313121693121692,0,0,0,0,0,0,0
ライカ(yamada),2.3299196862897564,0,0,0,0,0,0,1.3386586523252135,2.1496523788260244,0,0,0
Dragon Night,2.3245535714285714,0,0,0,2.3245535714285714,0,0,0,0,0,0,0
至学館高等学校校歌「夢追人」,2.314891774891775,0,0,0,1.1904761904761905,1.3636363636363638,1.8333333333333335,0,0,0,0,0
創聖のアクエリオン,2.3116895499144805,1.170940170940171,1.4143049932523617,1.1680672268907564,0,0,0,0,0,1.263157894736842,1.1869158878504673,1.425531914893617
LETS POP TOGETHER,2.2997067448680353,0,0,0,0,0,0,2.2997067448680353,0,0,0,0
カワキヲアメク,2.294179669747008,0,0,0,0,0,0,0,2.294179669747008,0,0,0
ファッとして桃源郷,2.286167800453515,0,0,0,2.286167800453515,0,0,0,0,0,0,0
橙 (岩見拓馬),2.286075319623544,0,0,0,0,0,0,0,0,0,1.6654464581249275,1.8828532171135803
ex ダーリン,2.2835445258978284,0,0,0,1.3369158878504672,0,0,0,0,0,1.9223017041868293,1.1923076923076923
透明人間,2.279267741770088,0,0,0,0,0,0,0,0,1.899041940735489,1.5290950147646343,0
恋のチムニー,2.2785187387370907,0,0,1.9223017041868293,1.434782608695652,0,0,0,0,0,0,0
曖昧劣情Lover,2.269697998963371,0,0,0,0,1.1818181818181819,1.6257292617707457,1.6507527086810898,1.3234825438215267,0,0,0
情熱大陸,2.267218261984318,0,0,0,2.1146099976833934,0,1.2597402597402598,0,0,0,0,0
明治「カール」CMソング,2.25974025974026,0,0,0,0,0,2.25974025974026,0,0,0,0,0
ponponpon,2.2574153962888874,2.2574153962888874,0,0,0,0,0,0,0,0,0,0
糸,2.257156633079278,0,1.8784075438477617,1.2380952380952381,0,0,0,0,0,0,0,1.4046423390246625
星色ガールドロップPV,2.2512724282296652,0,0,0,0,0,0,2.2512724282296652,0,0,0,0
点描の唄,2.233899365026484,0,0,0,0,0,0,0,0,0,0,2.233899365026484
ハッピーシンセサイザ,2.233223012335211,2.1089093281246845,1.2105263157894737,0,0,0,0,0,0,0,0,0
動く、動く,2.232926540083412,0,0,0,0,0,1.8090766823161188,1.516256157635468,0,0,0,0
この星に生まれて(合唱),2.224088054560018,0,0,1.18348623853211,2.0241135069485026,1.1724137931034484,0,0,0,0,0,0
くだらないの中に,2.220347453462104,0,0,0,0,1.6659598037664187,1.5629255008753162,0,0,1.18348623853211,0,0
Determination,2.2142857142857144,0,0,2.2142857142857144,0,0,0,0,0,0,0,0
Funny Bunny,2.2110863294809633,1.5107674701800202,1.700157147250237,0,0,0,0,0,1.2777777777777777,0,0,0
魔法って言っていいかな？,2.2077443609022556,0,0,0,0,2.2077443609022556,0,0,0,0,0,0
奏（かなで）(藤宮香織Cover),2.200892060660125,0,0,2.200892060660125,0,0,0,0,0,0,0,0
大きな金魚の樹の下で,2.1975155279503102,0,0,2.1975155279503102,0,0,0,0,0,0,0,0
ロマンスの神様,2.1827371059849257,1.1680672268907564,0,0,0,0,0,0,0,0,1.3508771929824561,1.7754611066559742
花の名,2.181853496485788,0,2.099388513727167,1.1724137931034484,0,0,0,0,0,0,0,0
いすゞのトラック,2.1568179336209683,0,0,0,1.3773584905660377,1.5151515151515151,0,1.4252331069414068,0,0,0,0
RPG,2.1512355109091277,0,2.010138736715579,1.2150537634408602,0,0,0,0,0,0,0,0
TSUNAMI,2.148539415447011,0,0,0,0,0,0,0,0,0,1.4475890985324948,1.839733904465213
踊り子,2.1460754128705206,0,0,0,0,0,0,0,0,0,0,2.1460754128705206
しあわせグラフィティ,2.142668442668443,0,0,0,2.142668442668443,0,0,0,0,0,0,0
粉雪 (レミオロメン),2.1425927008104084,0,1.196078431372549,0,0,0,0,0,0,1.25,1.640112464854733,1.2272727272727273
恋してポプテピピック,2.1393440122044245,0,0,0,0,0,0,2.1393440122044245,0,0,0,0
愛言葉,2.13618717601262,1.9612091422794866,1.3290854572713644,0,0,0,0,0,0,0,0,0
まちがいさがし (菅田将暉),2.127465196801106,0,0,0,0,0,0,0,0,2.127465196801106,0,0
背景、夏に溺れる,2.1202771785335406,0,0,0,0,1.3462079232486974,1.5516770186335402,1.5261591507122767,0,0,0,0
おあいこ,2.1179978066522294,0,0,0,1.9057151979565774,1.289855072463768,0,0,0,0,0,0
時代遅れのRocknRoll Band,2.1161405598570577,0,0,0,0,0,0,0,0,0,0,2.1161405598570577
ぺこーらに、告白しようと思ってる。,2.1157407407407405,0,0,0,0,0,0,0,0,0,0,2.1157407407407405
それがあなたの幸せとしても,2.114235441108759,0,0,0,1.4781645569620254,1.6461417671943988,0,1.1818181818181819,0,0,0,0
嘘（学園祭学園）,2.107011164274322,0,0,0,0,0,1.8203030303030303,1.3923444976076556,0,0,0,0
逆光（Ado）,2.104176904176904,0,0,0,0,0,0,0,0,0,0,2.104176904176904
ドナーソング,2.09949328440862,0,0,0,1.1694915254237288,1.9882898945781116,0,0,0,0,0,0
刹那,2.086480887360726,0,0,0,0,0,1.6236559139784945,1.571388856027446,0,0,0,0
たなばたさま,2.0858695652173913,0,0,0,1.289855072463768,1.8472222222222223,0,0,0,0,0,0
START_DASH!!,2.0820000903919063,0,0,0,2.0820000903919063,0,0,0,0,0,0,0
ひとりぼっち東京,2.08095952023988,0,0,0,0,0,0,0,0,0,0,2.08095952023988
勿忘 (Awesome City Club),2.080595756790544,0,0,0,0,0,0,0,0,0,1.714344276079288,1.4804753820033956
棒人間,2.078157894736842,0,0,0,0,0,2.078157894736842,0,0,0,0,0
裸の心 (あいみょん),2.077211935968875,0,0,0,0,0,0,0,0,1.8252840743807202,1.3772614740049516,0
ハッピー・ジャムジャム,2.075436587798775,0,0,0,0,0,0,0,0,1.4990512333965844,1.7041101292216911,0
Angelic Angel,2.0730203249071177,0,0,0,2.0730203249071177,0,0,0,0,0,0,0
吉原ラメント (簡単コードver),2.0671905951070917,0,1.202020202020202,1.8494711053521895,1.1739130434782608,0,0,0,0,0,0,0
さよならだけが人生だ,2.065497896213184,0,0,0,2.065497896213184,0,0,0,0,0,0,0
さよならメモリーズ,2.059273088178217,1.6659675257245352,1.4060646011865523,0,1.2,0,0,0,0,0,0,0
宿命 (Official髭男dism),2.057303802132277,0,0,0,0,0,0,0,1.7205687142113482,1.4493506493506494,0,0
君色に染まる,2.0559546897546896,0,0,0,0,1.6715728715728715,1.5272727272727273,0,0,0,0,0
帰ろう (藤井風),2.050947960028239,0,0,0,0,0,0,0,0,1.4121267380898108,1.1941747572815533,1.655168366668566
祝福,2.0415584415584416,0,0,0,0,0,0,0,0,0,0,2.0415584415584416
アポトーシス,2.0387181378575527,0,0,0,0,0,0,0,0,0,2.0387181378575527,0
めんどくさいのうた,2.0382483523826656,0,0,0,0,1.2666666666666666,1.8544659884051797,0,0,0,0,0
girlfriend,2.0310820216556547,0,0,0,1.1724137931034484,1.5890188434048083,1.1754385964912282,1.3380749170222854,0,0,0,0
ゆゆうた、特定される,2.02803007518797,0,0,0,0,0,0,1.8120300751879699,1.2666666666666666,0,0,0
ハンドメイドホーム,2.0266666666666664,0,0,0,0,2.0266666666666664,0,0,0,0,0,0
踊 (Ado),2.018954350971158,0,0,0,0,0,0,0,0,0,2.018954350971158,0
ちいさな冒険者,2.0178301886792456,0,0,0,0,1.865,1.1886792452830188,0,0,0,0,0
太陽系デスコ,2.0120797138477258,0,0,0,0,0,0,1.7,1.3852835973428719,0,0,0
ナイショの話,2.0101489572989077,2.0101489572989077,0,0,0,0,0,0,0,0,0,0
カレンダーガール,2.009486202803566,0,0,0,0,0,0,0,1.5267948717948718,1.4974700997355805,1.2061855670103092,0
星屑のインターリュード,2.007978723404255,0,0,2.007978723404255,0,0,0,0,0,0,0,0
世界をかえさせておくれよ,2.007205228839596,0,0,1.176991150442478,1.8774558423593402,0,0,0,0,0,0,0
人生イージー？,2.006337028091168,0,0,0,0,0,0,0,0,0,2.006337028091168,0
ギターと孤独と蒼い惑星,2.0,0,0,0,0,0,0,0,0,0,0,2.0
人魚(ポルカドットスティングレイ),1.9991611052461846,0,0,0,0,0,1.9991611052461846,0,0,0,0,0
only my railgun,1.9991590743199679,1.6595530609951952,1.5131624793999934,0,0,0,0,0,0,0,0,0
愛をこめて花束を,1.9986877679694162,1.464874342489772,0,0,0,0,0,0,0,0,1.6597943722943724,0
恋？で愛？で暴君です！,1.9913402345287303,0,0,0,0,0,0,1.5744441949247698,1.5146864686468646,0,0,0
Universe(Official髭男dism),1.9906842899102961,0,0,0,0,0,0,0,0,0,1.9906842899102961,0
M八七,1.988235294117647,0,0,0,0,0,0,0,0,0,0,1.988235294117647
眼福,1.9873787390520046,0,0,1.2298850574712643,1.8410586395146231,0,0,0,0,0,0,0
ミライチズ（夜のひと笑い）,1.985320405999091,0,0,0,0,0,0,0,0,0,0,1.985320405999091
新宝島 (サカナクション),1.983831168831169,0,0,0,0,0,0,0,1.983831168831169,0,0,0
脱法ロック,1.9827979418717843,0,0,0,0,1.9827979418717843,0,0,0,0,0,0
絶え間なく藍色,1.982174688057041,0,0,0,0,0,0,0,1.743939393939394,1.2941176470588236,0,0
春ひさぎ,1.9805734952208731,0,0,0,0,0,0,0,0,1.9805734952208731,0,0
SHINY DAYS,1.9784740259740259,0,0,0,0,0,0,1.9784740259740259,0,0,0,0
にんげんっていいな,1.978042648517567,1.3264554163596167,0,0,0,0,1.170940170940171,0,0,1.2531645569620253,1.202020202020202,1.2469135802469136
あつまれ！パーティーピーポー,1.972708835546476,0,0,0,0,1.5658835546475995,1.4925000000000002,0,0,0,0,0
君の待つ世界,1.972434017595308,0,0,1.972434017595308,0,0,0,0,0,0,0,0
Yesterday,1.9710636793323733,0,1.5925925925925926,1.4672482552342971,0,0,0,0,0,0,0,0
涙そうそう,1.9697991782717046,1.1680672268907564,1.4514590347923682,0,1.1754385964912282,0,0,0,0,1.3747645951035783,0,0
ノーポイッ！,1.9648805636921085,0,0,0,1.840265179076724,1.170940170940171,0,0,0,0,0,0
WELCOME!!DISCOけもけもけ,1.9523809523809523,0,0,1.9523809523809523,0,0,0,0,0,0,0,0
KICK BACK,1.9523809523809523,0,0,0,0,0,0,0,0,0,0,1.9523809523809523
愛言葉Ⅲ,1.9514939960099038,0,0,0,0,0,0,1.5812520064205458,1.5074898785425102,0,0,0
空奏列車,1.9508836524856328,0,0,0,0,1.2040816326530612,1.726473684526979,1.1739130434782608,0,0,0,0
Sing,1.9450558583053945,0,0,1.9450558583053945,0,0,0,0,0,0,0,0
ニア,1.9438465739487216,0,0,0,0,0,1.9438465739487216,0,0,0,0,0
いくじなし (さくらしめじ),1.941259348929655,0,0,0,1.2564102564102564,1.7609434361326655,0,0,0,0,0,0
肩 have a good day,1.9402583227155858,0,0,0,0,0,1.5378889531521112,1.5426408987052551,0,0,0,0
虎,1.9301282051282052,0,0,0,0,0,0,1.9301282051282052,0,0,0,0
私の恋はホッチキス,1.9281283986619528,1.9281283986619528,0,0,0,0,0,0,0,0,0,0
monolith,1.9280976819282667,0,0,0,0,1.9280976819282667,0,0,0,0,0,0
回る空うさぎ,1.9245316000845487,0,0,0,0,0,1.466867469879518,0,0,0,1.5403508771929824,0
courage,1.9234674922600619,0,0,1.4,1.5816305469556244,0,0,0,0,0,0,0
オレンジ(クリープハイプ),1.9172707899860775,0,1.371575502571295,1.642602325211021,0,0,0,0,0,0,0,0
流星群,1.9089151765482772,0,0,0,0,0,0,0,1.202020202020202,1.6476997578692494,1.1680672268907564,0
シンデレラボーイ（Saucy Dog）,1.9069334774528768,0,0,0,0,0,0,0,0,0,0,1.9069334774528768
もりのせいかつ,1.9061781536435913,0,0,0,0,0,0,0,0,1.9061781536435913,0,0
アンビリーバーズ,1.8936742073837356,0,0,0,1.8936742073837356,0,0,0,0,0,0,0
いつも何度でも,1.890727887967656,1.518808777429467,0,1.4460020768431985,0,0,0,0,0,0,0,0
RAINBOW GIRL,1.8885185871209065,1.3311138014527846,0,0,0,0,0,1.2222222222222223,1.464612354017166,0,0,0
メランコリーキッチン,1.8885179269737211,0,0,1.4029369229057738,1.5907317620650954,0,0,0,0,0,0,0
パオパオ,1.8879584765681965,0,0,0,0,0,0,1.8879584765681965,0,0,0,0
木綿のハンカチーフ,1.886247445277095,0,0,0,0,0,0,0,0,1.7477859068155563,1.170940170940171,0
脳漿炸裂ガール,1.8812125313544796,1.4137137597791072,1.5427098674521356,0,0,0,0,0,0,0,0,0
キラッ！満開スマイル,1.8791815840713522,0,0,0,0,0,1.8791815840713522,0,0,0,0,0
adrenaline!!!,1.8766485881406973,0,0,0,0,0,1.8766485881406973,0,0,0,0,0
Lovers,1.871204991816694,0,0,0,0,1.871204991816694,0,0,0,0,0,0
翡翠のまち,1.85989010989011,0,0,0,0,1.85989010989011,0,0,0,0,0,0
月のワルツ,1.857962040508002,0,0,0,0,0,0,0,0,1.1886792452830188,1.18348623853211,1.599886717643727
Automatic,1.8569236444902133,0,0,0,0,0,0,0,0,0,1.5764761012183692,1.3798915149166988
楽園都市,1.8524431543299467,0,0,0,0,0,0,0,1.8524431543299467,0,0,0
グッドラック ライラック,1.851989901989902,0,0,0,0,0,0,1.7060439560439562,1.1801801801801801,0,0,0
会心の一撃,1.8479808944854537,0,0,1.8479808944854537,0,0,0,0,0,0,0,0
ギミー！レボリューション,1.8476514801110082,0,0,1.4690217391304348,0,0,0,0,0,1.425531914893617,0,0
イグジスト,1.840813464235624,0,0,0,1.840813464235624,0,0,0,0,0,0,0
スカート,1.8396902344462691,0,0,0,0,0,1.1785714285714286,1.485554643313264,1.1785714285714286,1.1785714285714286,0,0
七色シンフォニー,1.8377574370709382,0,0,0,1.8377574370709382,0,0,0,0,0,0,0
恋のオーケストラ,1.8311921458625526,1.8311921458625526,0,0,0,0,0,0,0,0,0,0
I love you,1.8255431204177035,1.4089526292916124,0,0,0,0,0,0,0,0,1.3512508451656524,1.1923076923076923
damn,1.8231884057971013,0,0,0,0,0,0,0,0,0,0,1.8231884057971013
Alchemy,1.8167824840397717,0,0,0,0,0,1.8167824840397717,0,0,0,0,0
リビングデッド・ユース,1.8112701252236136,0,0,1.8112701252236136,0,0,0,0,0,0,0,0
Happy Halloween,1.8111632092450507,0,0,0,0,0,0,0,0,1.3703703703703702,1.2173913043478262,1.2941176470588236
パレード (ヨルシカ),1.810901996240691,0,0,0,0,0,0,0,1.810901996240691,0,0,0
六兆年と一夜物語,1.810211979212086,1.4290382819794585,1.3262599469496021,0,0,0,0,0,0,1.1754385964912282,0,0
サタンがサンタ,1.8,0,0,0,0,0,0,0,0,1.8,0,0
メリクリ・フェスティバル,1.8,0,0,0,0,0,0,0,0,0,1.8,0
カラカラ,1.8,0,0,0,0,0,0,0,0,0,0,1.8
ヨンジュウナナ,1.799829745596869,0,0,1.799829745596869,0,0,0,0,0,0,0,0
ヒトツメの夜,1.7988831661696938,0,0,0,0,1.7988831661696938,0,0,0,0,0,0
アンノウン・マザーグース,1.7972713712172905,0,0,0,0,0,0,0,1.6576161988034974,1.1724137931034484,0,0
リンネ,1.7936134474499512,1.7936134474499512,0,0,0,0,0,0,0,0,0,0
水流のロック,1.7928674488666596,0,0,0,0,1.2564102564102564,0,0,0,0,1.5960635471737816,0
Bohemian Rhapsody(ボヘミアン・ラプソディ),1.7903225806451613,0,0,0,0,0,0,1.5,1.3225806451612903,0,0,0
おかえり,1.7857142857142856,0,0,0,1.7857142857142856,0,0,0,0,0,0,0
スーパー・ノヴァ,1.7839971303280382,0,0,1.1886792452830188,0,0,1.5322567783094099,1.1724137931034484,0,0,0,0
"夏色えがおで1,2,Jump!",1.7775958260704023,0,0,1.6540365040365042,1.1694915254237288,0,0,0,0,0,0,0
HOWL,1.7692307692307692,0,0,0,0,0,0,0,0,1.7692307692307692,0,0
フローライト,1.7663416395810763,0,0,0,1.7663416395810763,0,0,0,0,0,0,0
おじゃま虫,1.7622916789482752,0,0,0,0,0,0,1.7622916789482752,0,0,0,0
もしも,1.7622583547687136,1.367938371239912,0,1.4845053810998083,0,0,0,0,0,0,0,0
ふゆびより,1.7608550420747242,0,0,0,0,0,0,1.3462079232486974,1.5076655622963766,0,0,0
ニャースのうた,1.7607498383968971,0,0,0,0,1.7607498383968971,0,0,0,0,0,0
シンカケイスケッチ,1.75990675990676,0,0,0,0,0,0,0,0,0,0,1.75990675990676
感情のピクセル,1.7593958552862663,0,0,0,0,0,1.7593958552862663,0,0,0,0,0
sweets parade,1.7448471926083866,0,0,0,0,0,0,0,0,1.7448471926083866,0,0
ダブルラリアット,1.7431472101701737,1.7431472101701737,0,0,0,0,0,0,0,0,0,0
愛のシュプリーム！,1.7413213885778276,0,0,0,0,0,0,0,0,0,1.7413213885778276,0
チノカテ,1.7407407407407407,0,0,0,0,0,0,0,0,0,0,1.7407407407407407
売れないミュージシャンのうた,1.7388363209977435,0,0,0,0,0,1.6163153125943823,1.1680672268907564,0,0,0,0
徒花ネクロマンシー,1.7333333333333334,0,0,0,0,0,0,1.7333333333333334,0,0,0,0
風のゆくえ （ウタの歌 ONE PIECE FILM RED）,1.7325536909833927,0,0,0,0,0,0,0,0,0,0,1.7325536909833927
ナイト・オブ・ナイツ,1.7261904761904763,0,0,0,0,0,0,0,0,0,0,1.7261904761904763
グレゴリオ,1.7249743449321764,0,0,0,0,0,0,0,0,1.7249743449321764,0,0
新町,1.7207927666418232,0,0,0,0,1.5005805515239479,0,0,1.2702702702702702,0,0,0
ラムのラブソング,1.7206138821067318,0,0,0,0,0,0,0,0,0,0,1.7206138821067318
前夜 (井上緑),1.7189051819770518,0,0,0,0,1.4749277038750723,1.176991150442478,1.1739130434782608,0,0,0,0
きゅうくらりん（いよわ）,1.7146487530387327,0,0,0,0,0,0,0,0,0,0,1.7146487530387327
それは小さな光のような,1.7117486338797814,0,0,0,0,1.7117486338797814,0,0,0,0,0,0
SOUVENIR,1.710727969348659,0,0,0,0,0,0,0,0,0,0,1.710727969348659
スキノスキル,1.7053140096618358,0,0,0,0,0,0,1.7053140096618358,0,0,0,0
september,1.6983245929166957,0,0,0,0,1.3608757062146892,1.2439024390243902,1.176991150442478,0,0,0,0
ときめきポポロン♪,1.6977895372285088,0,0,0,1.6977895372285088,0,0,0,0,0,0,0
オリビアを聴きながら,1.695471902652764,0,0,0,0,0,0,0,0,0,0,1.695471902652764
だんだん早くなる,1.693877551020408,0,0,0,1.693877551020408,0,0,0,0,0,0,0
Tell Your World,1.693493360125808,1.693493360125808,0,0,0,0,0,0,0,0,0,0
カントリーロード,1.6896551724137931,0,1.6896551724137931,0,0,0,0,0,0,0,0,0
ラフ・メイカー,1.6881389452332658,0,0,1.6881389452332658,0,0,0,0,0,0,0,0
始発とカフカ,1.6844080114134374,0,0,0,0,1.1923076923076923,0,1.369821930646673,1.2105263157894737,0,0,0
妄想疾患■ガール,1.6829038415251913,0,0,0,0,0,0,1.3915243516761544,0,1.35929203539823,0,0
フラジール,1.6808166409861325,0,0,0,0,0,0,0,1.5435285053929122,1.1694915254237288,0,0
First Love,1.6753933427639365,0,0,0,0,0,0,0,0,0,0,1.6753933427639365
ウキウキWatching(笑っていいとも!より),1.6722925457102673,0,0,1.6722925457102673,0,0,0,0,0,0,0,0
だんだん高くなる,1.6666666666666665,0,0,0,1.6666666666666665,0,0,0,0,0,0,0
尊師マーチ,1.6666666666666665,0,0,0,0,0,0,1.6666666666666665,0,0,0,0
Miracle Shopping,1.6634263426342635,0,0,0,1.4812481248124811,1.2222222222222223,0,0,0,0,0,0
言わないけどね。,1.6630141987829616,0,0,0,0,0,0,1.6630141987829616,0,0,0,0
アディショナルメモリー,1.656084656084656,0,0,0,0,0,0,1.656084656084656,0,0,0,0
再会(produced by Ayase),1.6558312031238873,0,0,0,0,0,0,0,0,1.5072073499128782,1.18348623853211,0
東京サマーセッション,1.654738607771876,0,0,0,1.654738607771876,0,0,0,0,0,0,0
グリグリメガネと月光蟲,1.6542035850283274,0,0,0,1.3473473473473474,0,1.2061855670103092,0,1.1851851851851851,0,0,0
やつらの足音のバラード,1.6538461538461537,0,0,0,0,0,1.5,1.170940170940171,0,0,0,0
カルマ,1.6515697851980047,1.518507584241067,0,1.1818181818181819,0,0,0,0,0,0,0,0
ゴーゴー幽霊船,1.6507605377306893,1.4986003730116524,0,0,1.202020202020202,0,0,0,0,0,0,0
勇魚 (岩見拓馬),1.6490934312782761,0,0,0,0,0,0,0,0,1.6490934312782761,0,0
乗ってけ!ジャパリビート,1.6480938416422286,0,0,0,0,0,0,0,1.6480938416422286,0,0,0
つじつま合わせに生まれた僕等,1.6453048899279175,0,0,0,0,0,1.6453048899279175,0,0,0,0,0
第三高校校歌（陣内智則コント）,1.6451612903225805,0,0,0,0,1.6451612903225805,0,0,0,0,0,0
Henceforth (Orangestar),1.6451612903225805,0,0,0,0,0,0,0,0,1.6451612903225805,0,0
雲と幽霊,1.6448699144041408,0,0,0,0,0,0,1.6448699144041408,0,0,0,0
愛迷エレジー,1.6403521311382763,1.367831122734915,0,1.336445689386866,0,0,0,0,0,0,0,0
明日でいいから,1.6340650180605722,0,0,0,0,1.6340650180605722,0,0,0,0,0,0
グランドエスケープ,1.6331632653061225,0,0,0,0,0,0,0,1.6331632653061225,0,0,0
メシア,1.6271739852905052,0,0,0,0,1.503614663256607,1.1694915254237288,0,0,0,0,0
ブラック★ロックシューター,1.6269124539671913,1.6269124539671913,0,0,0,0,0,0,0,0,0,0
sm19635778,1.6254902639789168,0,0,0,0,0,0,0,0,1.18348623853211,1.1818181818181819,1.3430799220272904
お願い！シンデレラ,1.6245596820880146,0,0,0,0,1.6245596820880146,0,0,0,0,0,0
ユートピアをさがして,1.6239338330317912,0,0,0,0,0,0,0,0,1.6239338330317912,0,0
とってもサファリ,1.6214574898785425,0,0,0,1.6214574898785425,0,0,0,0,0,0,0
乾杯,1.6186127229191716,0,1.4830927993946952,0,1.18348623853211,0,0,0,0,0,0,0
「I Love You」のある世界,1.6161475636766334,0,0,0,0,0,1.2380952380952381,1.4200581395348837,0,0,0,0
快眠！安眠！スヤリスト生活,1.6150055991041432,0,0,0,0,0,0,0,0,1.6150055991041432,0,0
恋人がサンタクロース,1.611764705882353,0,0,0,0,0,0,0,0,0,1.4,1.2352941176470589
たぶん (YOASOBI),1.6047608137080012,0,0,0,0,0,0,0,0,1.6047608137080012,0,0
まつり,1.6036363636363635,0,0,0,0,0,0,0,0,0,0,1.6036363636363635
ルパン三世のテーマ,1.6011170784103115,0,0,0,0,0,0,0,1.263157894736842,0,1.3755102040816327,0
Go Just Go！,1.5996168582375478,0,0,0,0,0,0,0,0,1.5996168582375478,0,0
幽霊東京,1.5929580173058433,0,0,0,0,0,0,0,0,1.452088452088452,1.1739130434782608,0
全力バタンキュー,1.5921996526466813,0,0,0,0,1.5921996526466813,0,0,0,0,0,0
極限Dreamer,1.5889830508474576,0,0,0,1.5889830508474576,0,0,0,0,0,0,0
くちなしの丘,1.5882352941176472,0,0,0,0,1.5882352941176472,0,0,0,0,0,0
夏祭り(Whiteberry),1.5882352941176472,0,0,0,0,0,0,0,0,0,0,1.5882352941176472
雨音ノイズ,1.5866608161474332,0,0,0,1.5866608161474332,0,0,0,0,0,0,0
境界の彼方,1.5862462006079028,0,1.5862462006079028,0,0,0,0,0,0,0,0,0
青い栞,1.5821661998132586,0,0,0,1.5821661998132586,0,0,0,0,0,0,0
祈り～涙の軌道,1.582053654024052,1.582053654024052,0,0,0,0,0,0,0,0,0,0
小夜子,1.5807776220447454,1.5807776220447454,0,0,0,0,0,0,0,0,0,0
ラブ・ドラマティック,1.577922077922078,0,0,0,0,0,0,0,1.577922077922078,0,0,0
同じ空の下,1.5776306660499537,0,1.5776306660499537,0,0,0,0,0,0,0,0,0
思春期は終わらない！,1.576873013280396,0,0,0,0,0,0,1.576873013280396,0,0,0,0
CLEAR（坂本真綾）,1.5725806451612903,0,0,0,0,0,0,1.5725806451612903,0,0,0,0
WHITE ALBUM,1.5700698219635751,0,1.5700698219635751,0,0,0,0,0,0,0,0,0
チカっとチカ千花っ♡,1.567099567099567,0,0,0,0,0,0,0,1.567099567099567,0,0,0
左右盲（ヨルシカ）,1.564102564102564,0,0,0,0,0,0,0,0,0,0,1.564102564102564
Teenager Forever,1.56120527306968,0,0,0,0,0,0,0,0,1.56120527306968,0,0
パレード,1.5575233098089585,0,0,0,0,0,0,0,1.2531645569620253,1.338176392052148,0,0
スタートリップ,1.5554226475279107,0,0,0,0,0,0,1.5554226475279107,0,0,0,0
生命線 (テンツク),1.554552947052947,0,0,0,0,0,0,0,0,1.554552947052947,0,0
オツキミリサイタル,1.5512605042016807,0,1.5512605042016807,0,0,0,0,0,0,0,0,0
ディスコ・ディテクティブ～水曜日の探偵～,1.5512605042016807,0,0,0,0,0,0,1.5512605042016807,0,0,0,0
初めての恋が終わる時,1.5512594382361824,1.354112554112554,0,0,0,1.2325581395348837,0,0,0,0,0,0
ゆずれない願い,1.550877192982456,0,0,0,1.550877192982456,0,0,0,0,0,0,0
Bad Apple!!,1.5484248003185535,0,0,0,1.1754385964912282,0,0,0,0,1.2380952380952381,1.1869158878504673,0
乙女どもよ。,1.5475806451612903,0,0,0,0,0,0,0,1.5475806451612903,0,0,0
何でも言うことを聞いてくれるアカネチャン,1.5462662337662336,0,0,0,0,0,0,1.5462662337662336,0,0,0,0
寄り酔い (和ぬか),1.544423076923077,0,0,0,0,0,0,0,0,0,1.544423076923077,0
君のこころは輝いてるかい？,1.5424961052449369,0,0,0,1.3773584905660377,1.18348623853211,0,0,0,0,0,0
ひろ,1.5409686180961093,0,0,0,0,1.3456484006942722,1.2298850574712643,0,0,0,0,0
黒糖Black Sugar,1.5405405405405406,0,0,0,0,0,0,0,0,0,1.5405405405405406,0
ドレミファロンド,1.5397877984084882,1.5397877984084882,0,0,0,0,0,0,0,0,0,0
アイラ,1.536487854251012,0,0,0,0,0,1.2083333333333333,1.3643724696356276,0,0,0,0
さようなら、花泥棒さん,1.5357142857142856,0,0,0,0,1.5357142857142856,0,0,0,0,0,0
Black Sheep,1.532106969430059,0,0,0,0,0,1.2105263157894737,1.357311837378428,0,0,0,0
蝦夷のセレナーデ,1.5313186813186814,0,0,0,0,1.5313186813186814,0,0,0,0,0,0
YDKのうた,1.5299145299145298,0,0,0,1.5299145299145298,0,0,0,0,0,0,0
君と夏フェス,1.526762643041713,0,0,1.526762643041713,0,0,0,0,0,0,0,0
半透明人間,1.5239508887667217,0,0,0,1.5239508887667217,0,0,0,0,0,0,0
Shout (androp),1.521978021978022,0,0,1.521978021978022,0,0,0,0,0,0,0,0
することないからセックスしよう,1.5208012326656395,0,0,1.5208012326656395,0,0,0,0,0,0,0,0
DAN DAN 心魅かれてく,1.5177726979341368,0,0,1.3654776024085393,0,0,0,0,0,0,1.1869158878504673,0
新宿,1.5165671285236502,0,0,1.1785714285714286,1.37123745819398,0,0,0,0,0,0,0
ヘビースモーク,1.5136639422353708,0,0,0,0,0,0,0,1.5136639422353708,0,0,0
さようならに代えて,1.5136639422353708,0,0,0,0,0,0,0,0,1.3662437948152233,0,1.1818181818181819
ツキヨミ,1.5130518852723172,0,1.3448275862068966,1.1869158878504673,0,0,0,0,0,0,0,0
summertime (cinnamons × evening cinema),1.5110229095579832,0,0,0,0,0,0,0,1.3593123719604525,1.1869158878504673,0,0
ヒトリゴト,1.5110087045570917,0,0,0,0,0,1.5110087045570917,0,0,0,0,0
左耳,1.505713218820015,0,1.505713218820015,0,0,0,0,0,0,0,0,0
戦場のメリークリスマス,1.503641456582633,0,0,0,1.1904761904761905,1.196078431372549,0,0,1.1680672268907564,0,0,0
Blessing,1.5024539780607742,0,0,0,0,1.5024539780607742,0,0,0,0,0,0
八月、某、月明かり,1.5019736842105265,0,0,0,0,0,0,0,1.5019736842105265,0,0,0
よいまちカンターレ,1.4961948249619481,0,0,0,0,0,0,0,1.4961948249619481,0,0,0
星が瞬くこんな夜に,1.494798457905254,1.494798457905254,0,0,0,0,0,0,0,0,0,0
Phantom Joke,1.4876923076923076,0,0,0,0,0,0,0,1.4876923076923076,0,0,0
金曜日のおはよう,1.4851097178683386,0,0,1.3369905956112853,0,0,1.1818181818181819,0,0,0,0,0
全部、好き,1.4840744729958455,0,0,0,0,0,0,1.4840744729958455,0,0,0,0
ああ人生に涙あり,1.4835164835164836,0,0,0,0,0,1.4835164835164836,0,0,0,0,0
高嶺の花子さん,1.4832749283211215,0,0,0,0,0,0,0,1.4832749283211215,0,0,0
日常,1.4827838827838828,1.4827838827838828,0,0,0,0,0,0,0,0,0,0
†吸tie Ladies†,1.4755799755799757,0,0,0,0,0,0,1.4755799755799757,0,0,0,0
不可思議のカルテ,1.474025974025974,0,0,0,0,0,0,1.474025974025974,0,0,0,0
クリスマス,1.4731680619867058,0,0,0,0,1.1724137931034484,1.176991150442478,1.1739130434782608,0,0,0,0
Daydream cafe,1.4676724137931034,0,0,1.4676724137931034,0,0,0,0,0,0,0,0
"トウキョウ・シャンディ・ランデヴ feat 花譜, ツミキ",1.4651162790697674,0,0,0,0,0,0,0,0,0,0,1.4651162790697674
The Beginning,1.461764705882353,0,0,1.461764705882353,0,0,0,0,0,0,0,0
Nighthawks,1.4615384615384617,0,0,0,0,0,1.3076923076923077,1.170940170940171,0,0,0,0
"One More Time, One More Chance",1.461090619766317,0,1.323674297305129,0,0,1.1694915254237288,0,0,0,0,0,0
浅草キッド,1.4588100686498855,0,0,0,0,1.2173913043478262,1.263157894736842,0,0,0,0,0
アカシア (BUMP OF CHICKEN),1.4586782861292664,0,0,0,0,0,0,0,0,1.2352941176470589,1.2469135802469136,0
おうちに帰りたい,1.455667144906743,0,0,0,0,0,1.455667144906743,0,0,0,0,0
松本クンの唄,1.455029201817002,0,0,0,0,0,1.455029201817002,0,0,0,0,0
Best Friend,1.4545454545454546,0,0,0,0,1.4545454545454546,0,0,0,0,0,0
マツケンサンバⅡ,1.4545454545454546,0,0,0,0,0,0,0,0,0,0,1.4545454545454546
メロンソーダ (Radio Darlings),1.4531645569620253,0,0,0,0,0,0,0,1.4531645569620253,0,0,0
思春期 is Coming Back,1.4523809523809523,0,0,0,0,0,0,1.4523809523809523,0,0,0,0
アサガオの散る頃に,1.447899618112384,0,0,0,0,0,0,1.447899618112384,0,0,0,0
沙上の夢喰い少女,1.4447157780491113,0,0,0,0,0,1.4447157780491113,0,0,0,0,0
とびら開けて,1.442404426559356,0,0,1.442404426559356,0,0,0,0,0,0,0,0
シンデレラグレイ,1.442404426559356,0,0,0,1.442404426559356,0,0,0,0,0,0,0
あいとわ,1.4382284382284383,0,0,0,1.4382284382284383,0,0,0,0,0,0,0
ｼｬﾊﾞﾄﾞｩﾋﾞﾀｯﾁﾍﾝｼｰﾝ,1.434782608695652,1.434782608695652,0,0,0,0,0,0,0,0,0,0
全てあなたの所為です。,1.434782608695652,0,0,0,0,0,0,1.434782608695652,0,0,0,0
ワールズエンド・ダンスホール,1.434782608695652,0,0,0,0,0,0,0,1.434782608695652,0,0,0
センチメンタルクライシス,1.430437539632213,0,0,0,0,0,0,0,1.430437539632213,0,0,0
虹色の戦争,1.4287317620650954,0,1.4287317620650954,0,0,0,0,0,0,0,0,0
Qunka!,1.4275759084121453,0,0,0,1.4275759084121453,0,0,0,0,0,0,0
ララバイさよなら,1.425074925074925,0,0,0,0,0,1.425074925074925,0,0,0,0,0
Virtual to LIVE,1.4231884057971014,0,0,0,0,0,0,0,1.2666666666666666,1.1739130434782608,0,0
こいのぼり,1.4210526315789473,0,0,0,0,1.4210526315789473,0,0,0,0,0,0
リアルワールド,1.4208611279563372,1.4208611279563372,0,0,0,0,0,0,0,0,0,0
栄光への一秒,1.4166666666666667,0,0,0,1.4166666666666667,0,0,0,0,0,0,0
Brand-New Myself 〜僕にできること,1.4166666666666667,0,0,0,1.4166666666666667,0,0,0,0,0,0,0
約束 (Roselia),1.4166666666666667,0,0,0,0,0,0,0,0,1.4166666666666667,0,0
Neighborhood Story,1.4166666666666667,0,0,0,0,0,0,0,0,0,1.4166666666666667,0
ここから、ここから,1.4143763213530656,0,0,0,0,0,0,1.4143763213530656,0,0,0,0
ADAMAS,1.4136363636363636,0,0,0,0,0,0,1.4136363636363636,0,0,0,0
リテラチュア,1.4136363636363636,0,0,0,0,0,0,0,0,1.4136363636363636,0,0
アゲハ蝶,1.4117647058823528,0,1.2352941176470589,0,0,0,0,0,0,0,1.196078431372549,0
ポケモンセンター,1.4081632653061225,1.4081632653061225,0,0,0,0,0,0,0,0,0,0
あたしはゆうれい,1.4081632653061225,0,0,0,1.4081632653061225,0,0,0,0,0,0,0
MacGuffin(ZOMOZ),1.4081632653061225,0,0,0,0,0,0,0,0,0,0,1.4081632653061225
Seize The Day,1.4076305220883534,0,0,0,0,0,0,0,0,0,1.4076305220883534,0
ボーリング,1.4072727272727272,1.2272727272727273,1.2,0,0,0,0,0,0,0,0,0
Love so sweet,1.4060646011865523,0,0,0,0,0,0,0,0,0,1.2439024390243902,1.1801801801801801
「ねぇ。」,1.4039867109634552,0,1.2325581395348837,0,0,0,1.1904761904761905,0,0,0,0,0
1・2・3 (After the Rain),1.4037433155080214,0,0,0,0,0,0,0,1.2272727272727273,1.196078431372549,0,0
涙スキップ,1.4002574002574002,0,0,0,1.2380952380952381,1.1801801801801801,0,0,0,0,0,0
Shiny day,1.4,0,0,0,0,0,0,0,0,1.4,0,0
M@STERPIECE,1.3990748528174937,0,0,0,0,0,0,0,0,1.3990748528174937,0,0
"No,Thank you!",1.398858592263792,1.398858592263792,0,0,0,0,0,0,0,0,0,0
1226以降の年末ソング,1.3936507936507936,0,0,0,1.2222222222222223,1.1904761904761905,0,0,0,0,0,0
シングル・クリスマス,1.392156862745098,0,0,0,0,0,0,0,0,0,1.392156862745098,0
ヤマダ電機のテーマ,1.392156862745098,0,0,0,0,0,0,0,0,0,0,1.392156862745098
crossing field,1.3920068027210886,1.3920068027210886,0,0,0,0,0,0,0,0,0,0
東京 (きのこ帝国),1.3904465212876427,0,0,0,1.3904465212876427,0,0,0,0,0,0,0
ぼなぺてぃーと♡S,1.3891402714932126,0,0,0,0,0,1.3891402714932126,0,0,0,0,0
おちゃめ機能,1.387987012987013,1.387987012987013,0,0,0,0,0,0,0,0,0,0
isnt she lovely,1.3878364905284148,0,0,0,0,0,0,0,0,0,0,1.3878364905284148
ファンサ,1.3877305533279871,0,0,0,0,0,0,0,0,0,0,1.3877305533279871
Imagine,1.3848650841955772,0,0,0,0,0,0,0,0,1.1886792452830188,0,1.2150537634408602
SUNNY DAY SONG,1.3846153846153846,0,0,0,1.3846153846153846,0,0,0,0,0,0,0
ミラージュソン,1.3846153846153846,0,0,0,1.3846153846153846,0,0,0,0,0,0,0
もう少しだけ,1.3846153846153846,0,0,0,0,0,0,0,0,0,1.3846153846153846,0
すてきなホリデイ,1.3824274303526203,0,0,0,0,0,0,0,0,0,1.2298850574712643,1.1694915254237288
oath sign,1.3812408402540304,1.3812408402540304,0,0,0,0,0,0,0,0,0,0
光 (RADWIMPS),1.3801913781197594,0,0,0,0,1.3801913781197594,0,0,0,0,0,0
きよしこの夜,1.3798151001540833,0,0,0,0,0,0,1.1694915254237288,0,0,1.2272727272727273,0
ばかみたい,1.3797619047619047,0,0,0,0,0,0,0,0,0,1.3797619047619047,0
チェックのワンピース,1.3736263736263736,0,0,1.3736263736263736,0,0,0,0,0,0,0,0
ココ☆ナツ,1.3725637181409296,0,0,0,0,1.3725637181409296,0,0,0,0,0,0
はらぺこあおむし,1.37123745819398,0,0,0,0,0,0,0,0,0,0,1.37123745819398
ラブレター,1.370748299319728,0,0,0,0,1.1851851851851851,1.2040816326530612,0,0,0,0,0
正解はひとつ!じゃない!!,1.3703703703703702,0,0,0,0,0,0,0,0,0,1.3703703703703702,0
シャボン玉,1.3676253687315634,0,0,0,0,0,0,0,0,0,1.2083333333333333,1.176991150442478
走れ!,1.3675961363222162,0,1.3675961363222162,0,0,0,0,0,0,0,0,0
日本香堂「青雲」CMソング,1.3646864686468647,0,0,0,0,1.3646864686468647,0,0,0,0,0,0
徒然モノクローム,1.3599149388623073,1.3599149388623073,0,0,0,0,0,0,0,0,0,0
"My Soul,your Beats!",1.359593837535014,0,0,0,0,0,0,0,0,1.359593837535014,0,0
恋は渾沌の隷也,1.358240593534711,0,0,0,0,0,0,1.358240593534711,0,0,0,0
zoo,1.357811120917917,0,0,1.357811120917917,0,0,0,0,0,0,0,0
さよならアイデンティティー,1.3571926158133054,0,0,0,0,0,1.3571926158133054,0,0,0,0,0
Scary!Train!Kikirara!And You!,1.3571428571428572,0,0,0,0,0,0,0,0,0,1.3571428571428572,0
大好物,1.3571428571428572,0,0,0,0,0,0,0,0,0,1.3571428571428572,0
五月の蝿,1.356521739130435,0,1.356521739130435,0,0,0,0,0,0,0,0,0
ダンスロボットダンス,1.355370466770779,0,0,0,0,0,0,1.355370466770779,0,0,0,0
花に嵐,1.354541541110633,0,0,0,0,1.1739130434782608,1.198019801980198,0,0,0,0,0
夕景イエスタデイ,1.3508771929824561,0,1.3508771929824561,0,0,0,0,0,0,0,0,0
好きです,1.3508771929824561,0,0,0,0,0,0,1.3508771929824561,0,0,0,0
Anarchy,1.3508771929824561,0,0,0,0,0,0,0,0,0,0,1.3508771929824561
AM11：00,1.350841407445181,0,1.350841407445181,0,0,0,0,0,0,0,0,0
偽物勇者,1.350841407445181,0,0,0,0,0,0,0,1.350841407445181,0,0,0
You (イトヲカシ),1.3448275862068966,0,0,0,0,1.3448275862068966,0,0,0,0,0,0
りスタート,1.3448275862068966,0,0,0,0,0,0,0,1.3448275862068966,0,0,0
練習用,1.344200524246396,1.344200524246396,0,0,0,0,0,0,0,0,0,0
First Step,1.3389830508474576,0,0,0,0,0,0,0,0,1.3389830508474576,0,0
リーマンズロック,1.337332392378264,0,0,0,1.337332392378264,0,0,0,0,0,0,0
夏の終わりのはーもに―,1.3367019193106149,0,0,0,0,0,0,0,0,0,0,1.3367019193106149
GO!GO!MANIAC,1.3364661654135337,1.1785714285714286,0,0,0,0,0,0,1.1754385964912282,0,0,0
スーパーマリオワールドで、ウエスタンショー,1.3333333333333333,0,0,1.3333333333333333,0,0,0,0,0,0,0,0
Everywhere You Look,1.3333333333333333,0,0,0,0,1.3333333333333333,0,0,0,0,0,0
飴か夢,1.3333333333333333,0,0,0,0,0,1.3333333333333333,0,0,0,0,0
明日を漁れ,1.3333333333333333,0,0,0,0,0,0,0,0,0,1.3333333333333333,0
アンハッピーリフレイン,1.3279809693725841,1.1754385964912282,0,0,0,0,0,0,1.1694915254237288,0,0,0
奥様、お手をどうぞ,1.3278688524590163,0,0,0,0,0,0,1.3278688524590163,0,0,0,0
気まぐれロマンティック,1.3278688524590163,0,0,0,0,0,0,0,1.3278688524590163,0,0,0
BLOODY STREAM,1.3234825438215267,0,1.3234825438215267,0,0,0,0,0,0,0,0,0
非実在系女子達はどうすりゃいいですか？,1.3225806451612903,0,0,0,0,0,0,0,0,0,0,1.3225806451612903
僕に彼女ができたんだ,1.3220338983050848,0,0,1.3220338983050848,0,0,0,0,0,0,0,0
veil,1.3174603174603174,0,0,0,0,0,0,0,1.3174603174603174,0,0,0
ファイオー・ファイト！,1.3174603174603174,0,0,0,0,0,0,0,0,0,1.3174603174603174,0
Hurrah!!（にじさんじ）,1.3174603174603174,0,0,0,0,0,0,0,0,0,0,1.3174603174603174
虹（二宮和也）,1.3125,0,0,1.3125,0,0,0,0,0,0,0,0
おかあさんの唄,1.3125,0,0,0,1.3125,0,0,0,0,0,0,0
Tot Musica,1.3125,0,0,0,0,0,0,0,0,0,0,1.3125
ミルキィ A GO GO,1.303030303030303,0,0,0,1.303030303030303,0,0,0,0,0,0,0
おめでとう22歳,1.303030303030303,0,0,0,0,0,0,0,0,1.303030303030303,0,0
｢以上です。」,1.2985074626865671,0,0,0,0,0,1.2985074626865671,0,0,0,0,0
ももいろ,1.2985074626865671,0,0,0,0,0,0,0,0,1.2985074626865671,0,0
めいど・うぃず・どらごんず❤︎,1.2985074626865671,0,0,0,0,0,0,0,0,0,1.2985074626865671,0
NIPPON,1.2941176470588236,0,0,1.2941176470588236,0,0,0,0,0,0,0,0
ピエロ,1.2941176470588236,0,0,0,0,0,1.2941176470588236,0,0,0,0,0
らいおんハート,1.289855072463768,0,0,0,0,1.289855072463768,0,0,0,0,0,0
Subtitle,1.289855072463768,0,0,0,0,0,0,0,0,0,0,1.289855072463768
Love Song,1.2857142857142856,0,1.2857142857142856,0,0,0,0,0,0,0,0,0
Arriettys Song,1.2816901408450705,0,0,1.2816901408450705,0,0,0,0,0,0,0,0
メリッサ,1.2816901408450705,0,0,0,0,0,0,0,1.2816901408450705,0,0,0
幸せなら手をたたこう,1.2816901408450705,0,0,0,0,0,0,0,0,0,0,1.2816901408450705
Dont Look Back In Anger（アコースティックVer）,1.2777777777777777,0,1.2777777777777777,0,0,0,0,0,0,0,0,0
思い出のアルバム,1.2777777777777777,0,0,0,1.2777777777777777,0,0,0,0,0,0,0
more one night,1.2777777777777777,0,0,0,0,0,1.2777777777777777,0,0,0,0,0
ロリポップ,1.2777777777777777,0,0,0,0,0,0,1.2777777777777777,0,0,0,0
中央フリーウェイ,1.2777777777777777,0,0,0,0,0,0,0,0,0,0,1.2777777777777777
ブレス,1.273972602739726,1.273972602739726,0,0,0,0,0,0,0,0,0,0
チュルリラ・チュルリラ・ダッダッダ！,1.273972602739726,0,0,0,0,0,1.273972602739726,0,0,0,0,0
grace,1.2702702702702702,0,0,0,0,0,0,0,0,0,0,1.2702702702702702
Re_Re_,1.2666666666666666,0,0,0,0,1.2666666666666666,0,0,0,0,0,0
がんがん がんこちゃん,1.2666666666666666,0,0,0,0,0,0,0,0,0,0,1.2666666666666666
MAD HEAD LOVE,1.263157894736842,0,0,1.263157894736842,0,0,0,0,0,0,0,0
五等分の気持ち,1.263157894736842,0,0,0,0,0,0,0,1.263157894736842,0,0,0
Joker(アイドルマスター),1.263157894736842,0,0,0,0,0,0,0,0,1.263157894736842,0,0
ノーダウト,1.2531645569620253,0,0,0,0,0,0,0,0,1.2531645569620253,0,0
アストロノーツ,1.25,0,0,0,1.25,0,0,0,0,0,0,0
紅葉（もみじ）,1.25,0,0,0,1.25,0,0,0,0,0,0,0
未来の僕らは知ってるよ,1.25,0,0,0,0,0,1.25,0,0,0,0,0
あの夢をなぞって,1.25,0,0,0,0,0,0,0,0,1.25,0,0
Last Christmas,1.25,0,0,0,0,0,0,0,0,0,1.25,0
青い珊瑚礁,1.25,0,0,0,0,0,0,0,0,0,0,1.25
時ノ雨、最終戦争,1.2469135802469136,0,0,0,0,0,1.2469135802469136,0,0,0,0,0
ハルジオン (YOASOBI),1.2469135802469136,0,0,0,0,0,0,0,0,1.2469135802469136,0,0
「ホテル三日月」CMソング,1.2439024390243902,0,0,0,0,1.2439024390243902,0,0,0,0,0,0
もののけ姫,1.2380952380952381,0,0,1.2380952380952381,0,0,0,0,0,0,0,0
Qooのうた,1.2380952380952381,0,0,0,0,1.2380952380952381,0,0,0,0,0,0
可愛くてごめん (feat かぴ),1.2380952380952381,0,0,0,0,0,0,0,0,0,0,1.2380952380952381
WOODEN DOLL,1.2352941176470589,0,0,1.2352941176470589,0,0,0,0,0,0,0,0
情熱CONTINUE,1.2352941176470589,0,0,0,1.2352941176470589,0,0,0,0,0,0,0
蒼のキャンバス,1.2352941176470589,0,0,0,0,0,0,0,0,0,0,1.2352941176470589
Hot Shot,1.2325581395348837,0,0,0,0,0,0,1.2325581395348837,0,0,0,0
世界寿命と最後の一日,1.2298850574712643,0,0,0,0,0,1.2298850574712643,0,0,0,0,0
ワールドイズマイン,1.2272727272727273,1.2272727272727273,0,0,0,0,0,0,0,0,0,0
リライト,1.2272727272727273,1.2272727272727273,0,0,0,0,0,0,0,0,0,0
24時からのシンデレラ,1.2272727272727273,0,0,0,0,0,0,1.2272727272727273,0,0,0,0
三日月,1.2272727272727273,0,0,0,0,0,0,0,0,0,0,1.2272727272727273
家族なんです,1.2247191011235956,0,0,0,1.2247191011235956,0,0,0,0,0,0,0
檄！帝国華撃団,1.2247191011235956,0,0,0,0,0,0,0,0,1.2247191011235956,0,0
ぽんぽこサンバ,1.2247191011235956,0,0,0,0,0,0,0,0,0,1.2247191011235956,0
great escape,1.2222222222222223,0,1.2222222222222223,0,0,0,0,0,0,0,0,0
Starman,1.2222222222222223,0,0,0,0,1.2222222222222223,0,0,0,0,0,0
飾りじゃないのよ涙は,1.2222222222222223,0,0,0,0,0,0,0,0,0,0,1.2222222222222223
僕が死のうと思ったのは,1.2197802197802199,0,0,0,0,0,1.2197802197802199,0,0,0,0,0
ロメオ,1.2197802197802199,0,0,0,0,0,0,1.2197802197802199,0,0,0,0
コーダ,1.2197802197802199,0,0,0,0,0,0,0,0,1.2197802197802199,0,0
コノハの世界事情,1.2173913043478262,1.2173913043478262,0,0,0,0,0,0,0,0,0,0
きみも悪い人でよかった,1.2173913043478262,0,0,0,0,1.2173913043478262,0,0,0,0,0,0
ロミオとシンデレラ,1.2173913043478262,0,0,0,0,0,0,0,1.2173913043478262,0,0,0
アパルトの中の恋人たち,1.2173913043478262,0,0,0,0,0,0,0,0,1.2173913043478262,0,0
時代,1.2150537634408602,0,1.2150537634408602,0,0,0,0,0,0,0,0,0
前を向いて,1.2150537634408602,0,0,0,0,0,1.2150537634408602,0,0,0,0,0
I LOVE (Official髭男dism),1.2150537634408602,0,0,0,0,0,0,0,0,0,1.2150537634408602,0
シャイノグラフィ,1.2105263157894737,0,0,0,0,0,0,0,0,1.2105263157894737,0,0
卒業（高橋優）,1.2083333333333333,1.2083333333333333,0,0,0,0,0,0,0,0,0,0
春一番（ゆずVer）,1.2083333333333333,0,0,0,0,0,0,1.2083333333333333,0,0,0,0
フライディ・チャイナタウン,1.2083333333333333,0,0,0,0,0,0,0,0,0,0,1.2083333333333333
椎名唯華を待っています。,1.2061855670103092,0,0,0,0,0,0,0,1.2061855670103092,0,0,0
Dècolletè,1.2061855670103092,0,0,0,0,0,0,0,0,1.2061855670103092,0,0
Pop Virus,1.2061855670103092,0,0,0,0,0,0,0,0,0,1.2061855670103092,0
美しき残酷な世界,1.2040816326530612,0,1.2040816326530612,0,0,0,0,0,0,0,0,0
きみのかみ,1.2040816326530612,0,0,0,0,0,0,0,1.2040816326530612,0,0,0
どんなときも。〜槇原 cover,1.202020202020202,1.202020202020202,0,0,0,0,0,0,0,0,0,0
dont cry anymore,1.202020202020202,0,1.202020202020202,0,0,0,0,0,0,0,0,0
さらば、八戸,1.202020202020202,0,0,0,0,1.202020202020202,0,0,0,0,0,0
アニソン百花繚乱,1.202020202020202,0,0,0,0,0,0,1.202020202020202,0,0,0,0
バラバラ ～Balance 2 Variance～,1.202020202020202,0,0,0,0,0,0,1.202020202020202,0,0,0,0
恋はエクスプロージョン,1.202020202020202,0,0,0,0,0,0,0,0,0,0,1.202020202020202
おいでよ亀有,1.2,0,0,0,0,1.2,0,0,0,0,0,0
The Loneliest Girl,1.2,0,0,0,0,0,0,0,1.2,0,0,0
あーりんは反抗期！,1.198019801980198,0,0,0,1.198019801980198,0,0,0,0,0,0,0
さぁ,1.198019801980198,0,0,0,1.198019801980198,0,0,0,0,0,0,0
月曜日,1.198019801980198,0,0,0,0,0,0,1.198019801980198,0,0,0,0
"Hello,星を数えて",1.196078431372549,0,0,0,0,1.196078431372549,0,0,0,0,0,0
花（童謡）,1.196078431372549,0,0,0,0,0,0,1.196078431372549,0,0,0,0
アマカミサマ,1.196078431372549,0,0,0,0,0,0,0,0,0,1.196078431372549,0
タクトホーム,1.196078431372549,0,0,0,0,0,0,0,0,0,0,1.196078431372549
TOKYO BLACK HOLE,1.1941747572815533,0,0,0,0,1.1941747572815533,0,0,0,0,0,0
Happy Party Train,1.1941747572815533,0,0,0,0,0,1.1941747572815533,0,0,0,0,0
都市生活者のブルース,1.1941747572815533,0,0,0,0,0,0,1.1941747572815533,0,0,0,0
Q,1.1941747572815533,0,0,0,0,0,0,0,0,1.1941747572815533,0,0
リビング,1.1941747572815533,0,0,0,0,0,0,0,0,1.1941747572815533,0,0
Flamingo (米津玄師),1.1941747572815533,0,0,0,0,0,0,0,0,1.1941747572815533,0,0
なかよし！○！なかよし！,1.1941747572815533,0,0,0,0,0,0,0,0,1.1941747572815533,0,0
daze,1.1923076923076923,0,0,1.1923076923076923,0,0,0,0,0,0,0,0
ホシアイ,1.1923076923076923,0,0,1.1923076923076923,0,0,0,0,0,0,0,0
タイムマシン,1.1923076923076923,0,0,0,0,0,0,0,0,0,1.1923076923076923,0
ひだまりの詩,1.1923076923076923,0,0,0,0,0,0,0,0,0,0,1.1923076923076923
ときめきシンフォニー,1.1904761904761905,0,0,0,0,0,0,1.1904761904761905,0,0,0,0
Alice in 冷凍庫,1.1904761904761905,0,0,0,0,0,0,0,1.1904761904761905,0,0,0
マーシャル・マキシマイザー（柊マグネタイト）,1.1904761904761905,0,0,0,0,0,0,0,0,0,1.1904761904761905,0
LAMUの歌,1.1904761904761905,0,0,0,0,0,0,0,0,0,0,1.1904761904761905
Free,1.1904761904761905,0,0,0,0,0,0,0,0,0,0,1.1904761904761905
そんなこと裏のまた裏話でしょ,1.1886792452830188,0,1.1886792452830188,0,0,0,0,0,0,0,0,0
S(mile)ING!,1.1886792452830188,0,0,0,0,1.1886792452830188,0,0,0,0,0,0
大物youtuberついにミュージカルにされる,1.1886792452830188,0,0,0,0,0,0,1.1886792452830188,0,0,0,0
瓦礫の塔,1.1886792452830188,0,0,0,0,0,0,0,0,0,1.1886792452830188,0
世界のつづき,1.1886792452830188,0,0,0,0,0,0,0,0,0,0,1.1886792452830188
アイウエ,1.1886792452830188,0,0,0,0,0,0,0,0,0,0,1.1886792452830188
スタートダッシュ,1.1869158878504673,0,0,0,0,0,0,1.1869158878504673,0,0,0,0
Stand by me (井上緑),1.1869158878504673,0,0,0,0,0,0,0,1.1869158878504673,0,0,0
世界はそれを愛と呼ぶんだぜ,1.1869158878504673,0,0,0,0,0,0,0,0,0,0,1.1869158878504673
誰でもいいから付き合いたい,1.1851851851851851,1.1851851851851851,0,0,0,0,0,0,0,0,0,0
炎のたからもの,1.1851851851851851,0,0,0,1.1851851851851851,0,0,0,0,0,0,0
キセキ,1.1851851851851851,0,0,0,0,0,1.1851851851851851,0,0,0,0,0
ベノム (かいりきベア),1.1851851851851851,0,0,0,0,0,0,0,0,1.1851851851851851,0,0
Catch you catch me,1.1851851851851851,0,0,0,0,0,0,0,0,1.1851851851851851,0,0
人生☆キミ色,1.18348623853211,0,0,1.18348623853211,0,0,0,0,0,0,0,0
I Will Follow Him,1.18348623853211,0,0,0,0,1.18348623853211,0,0,0,0,0,0
ミッション！健・康・第・イチ,1.18348623853211,0,0,0,0,0,0,1.18348623853211,0,0,0,0
銀河鉄道999,1.18348623853211,0,0,0,0,0,0,0,0,0,1.18348623853211,0
Sparkling Daydream,1.1818181818181819,1.1818181818181819,0,0,0,0,0,0,0,0,0,0
私は貴方がいいのです,1.1818181818181819,0,0,0,1.1818181818181819,0,0,0,0,0,0,0
優しい彗星,1.1818181818181819,0,0,0,0,0,0,0,0,0,1.1818181818181819,0
エンヴィキャットウォーク,1.1801801801801801,1.1801801801801801,0,0,0,0,0,0,0,0,0,0
歌に形はないけれど,1.1801801801801801,1.1801801801801801,0,0,0,0,0,0,0,0,0,0
HE IS MINE,1.1801801801801801,0,0,1.1801801801801801,0,0,0,0,0,0,0,0
SunriseSunset,1.1801801801801801,0,0,1.1801801801801801,0,0,0,0,0,0,0,0
アブラカタブラ,1.1801801801801801,0,0,0,0,0,0,1.1801801801801801,0,0,0,0
YONA YONA DANCE,1.1801801801801801,0,0,0,0,0,0,0,0,0,1.1801801801801801,0
アポロ（モノンクルcover）,1.1801801801801801,0,0,0,0,0,0,0,0,0,0,1.1801801801801801
裏young Kz,1.1801801801801801,0,0,0,0,0,0,0,0,0,0,1.1801801801801801
隅田川,1.1785714285714286,0,0,0,1.1785714285714286,0,0,0,0,0,0,0
公園,1.1785714285714286,0,0,0,1.1785714285714286,0,0,0,0,0,0,0
大空ドリーマー,1.1785714285714286,0,0,0,0,0,1.1785714285714286,0,0,0,0,0
今宵mofumofu!!,1.1785714285714286,0,0,0,0,0,0,0,1.1785714285714286,0,0,0
ピアノ・レッスン,1.1785714285714286,0,0,0,0,0,0,0,0,0,1.1785714285714286,0
BELIEVE,1.176991150442478,0,0,1.176991150442478,0,0,0,0,0,0,0,0
海と山椒魚,1.176991150442478,0,0,1.176991150442478,0,0,0,0,0,0,0,0
自傷無色,1.176991150442478,0,0,0,0,0,1.176991150442478,0,0,0,0,0
Radio Prayer,1.176991150442478,0,0,0,0,0,0,1.176991150442478,0,0,0,0
シリョクケンサ,1.1754385964912282,0,0,0,1.1754385964912282,0,0,0,0,0,0,0
crow song,1.1754385964912282,0,0,0,1.1754385964912282,0,0,0,0,0,0,0
こだまことだま,1.1754385964912282,0,0,0,1.1754385964912282,0,0,0,0,0,0,0
CLIMAX NIGHT,1.1754385964912282,0,0,0,0,0,1.1754385964912282,0,0,0,0,0
わたしのアール,1.1754385964912282,0,0,0,0,0,1.1754385964912282,0,0,0,0,0
瞬き (back number),1.1754385964912282,0,0,0,0,0,0,1.1754385964912282,0,0,0,0
UNION!!,1.1754385964912282,0,0,0,0,0,0,1.1754385964912282,0,0,0,0
ハム太郎とっとこうた,1.1754385964912282,0,0,0,0,0,0,0,0,1.1754385964912282,0,0
霽れを待つ (Orangestar),1.1754385964912282,0,0,0,0,0,0,0,0,0,1.1754385964912282,0
トンデモワンダーズ (sasakureUK),1.1754385964912282,0,0,0,0,0,0,0,0,0,0,1.1754385964912282
携帯電話,1.1739130434782608,1.1739130434782608,0,0,0,0,0,0,0,0,0,0
alice(古川P),1.1739130434782608,1.1739130434782608,0,0,0,0,0,0,0,0,0,0
届かない恋,1.1739130434782608,0,1.1739130434782608,0,0,0,0,0,0,0,0,0
北極星～ポラリス～,1.1739130434782608,0,0,1.1739130434782608,0,0,0,0,0,0,0,0
mashmallow justice,1.1739130434782608,0,0,0,0,1.1739130434782608,0,0,0,0,0,0
SUMESHI,1.1739130434782608,0,0,0,0,1.1739130434782608,0,0,0,0,0,0
ハローグッバイ,1.1739130434782608,0,0,0,0,1.1739130434782608,0,0,0,0,0,0
イキリト,1.1739130434782608,0,0,0,0,0,0,1.1739130434782608,0,0,0,0
三文小説(King Gnu),1.1739130434782608,0,0,0,0,0,0,0,0,1.1739130434782608,0,0
炉心融解,1.1724137931034484,1.1724137931034484,0,0,0,0,0,0,0,0,0,0
Change the World,1.1724137931034484,1.1724137931034484,0,0,0,0,0,0,0,0,0,0
茜空 (瀬戸麻沙美),1.1724137931034484,0,1.1724137931034484,0,0,0,0,0,0,0,0,0
聖槍爆裂ボーイ,1.1724137931034484,0,1.1724137931034484,0,0,0,0,0,0,0,0,0
イリュージョニスタ！,1.1724137931034484,0,0,0,0,0,0,1.1724137931034484,0,0,0,0
地獄屋八丁荒らし,1.1724137931034484,0,0,0,0,0,0,0,0,0,1.1724137931034484,0
君と羊と青,1.170940170940171,1.170940170940171,0,0,0,0,0,0,0,0,0,0
閃光少女,1.170940170940171,1.170940170940171,0,0,0,0,0,0,0,0,0,0
世界でいちばん頑張ってる君に,1.170940170940171,1.170940170940171,0,0,0,0,0,0,0,0,0,0
自由の翼,1.170940170940171,0,1.170940170940171,0,0,0,0,0,0,0,0,0
すいみん不足,1.170940170940171,0,1.170940170940171,0,0,0,0,0,0,0,0,0
ideal white,1.170940170940171,0,0,1.170940170940171,0,0,0,0,0,0,0,0
ジャパネットたかた,1.170940170940171,0,0,0,1.170940170940171,0,0,0,0,0,0,0
ボクノート,1.170940170940171,0,0,0,0,1.170940170940171,0,0,0,0,0,0
未熟DREAMER,1.170940170940171,0,0,0,0,1.170940170940171,0,0,0,0,0,0
新世界,1.170940170940171,0,0,0,0,0,0,0,1.170940170940171,0,0,0
歌舞伎町の女王,1.170940170940171,0,0,0,0,0,0,0,0,0,1.170940170940171,0
虹 二宮,1.1694915254237288,1.1694915254237288,0,0,0,0,0,0,0,0,0,0
時には昔の話を,1.1694915254237288,0,1.1694915254237288,0,0,0,0,0,0,0,0,0
福笑い,1.1694915254237288,0,0,0,1.1694915254237288,0,0,0,0,0,0,0
心の瞳,1.1694915254237288,0,0,0,1.1694915254237288,0,0,0,0,0,0,0
ルパン三世 愛のテーマ,1.1694915254237288,0,0,0,0,1.1694915254237288,0,0,0,0,0,0
ハッピーの誕生,1.1694915254237288,0,0,0,0,0,0,1.1694915254237288,0,0,0,0
幻想アンダーグラウンド,1.1694915254237288,0,0,0,0,0,0,0,1.1694915254237288,0,0,0
Cakes,1.1694915254237288,0,0,0,0,0,0,0,1.1694915254237288,0,0,0
BOY（King Gnu）,1.1694915254237288,0,0,0,0,0,0,0,0,0,0,1.1694915254237288
勇気100%,1.1680672268907564,1.1680672268907564,0,0,0,0,0,0,0,0,0,0
優しさの理由,1.1680672268907564,1.1680672268907564,0,0,0,0,0,0,0,0,0,0
HEAVEN,1.1680672268907564,0,0,0,0,1.1680672268907564,0,0,0,0,0,0
真っ赤な空を見ただろうか,1.1680672268907564,0,0,0,0,1.1680672268907564,0,0,0,0,0,0
Tulip,1.1680672268907564,0,0,0,0,0,1.1680672268907564,0,0,0,0,0
ハルカトオク,1.1680672268907564,0,0,0,0,0,0,1.1680672268907564,0,0,0,0
アイデア,1.1680672268907564,0,0,0,0,0,0,0,1.1680672268907564,0,0,0
裏表ラバーズ,1.1680672268907564,0,0,0,0,0,0,0,1.1680672268907564,0,0,0
風を食む (ヨルシカ),1.1680672268907564,0,0,0,0,0,0,0,0,1.1680672268907564,0,0
三原色,1.1680672268907564,0,0,0,0,0,0,0,0,0,1.1680672268907564,0
ダーリンダンス（かいりきベア）,1.1680672268907564,0,0,0,0,0,0,0,0,0,0,1.1680672268907564
Precious(長瀬麻奈),1.1680672268907564,0,0,0,0,0,0,0,0,0,0,1.1680672268907564
富士サファリパークCMソング,1.1666666666666667,0,0,0,1.1666666666666667,0,0,0,0,0,0,0
